Entity,Code,Year,public_health_expenditure_pc_gdp
Albania,ALB,2010,2.442
Albania,ALB,2011,2.387
Albania,ALB,2012,2.474
Albania,ALB,2013,2.605
Albania,ALB,2014,2.617
Albania,ALB,2015,2.755
Albania,ALB,2016,2.842
Albania,ALB,2017,2.762
Albania,ALB,2018,2.878
Argentina,ARG,2000,4.499
Argentina,ARG,2001,4.594
Argentina,ARG,2002,4.034
Argentina,ARG,2003,3.774
Argentina,ARG,2004,3.746
Argentina,ARG,2005,3.915
Argentina,ARG,2006,4.019
Argentina,ARG,2007,4.257
Argentina,ARG,2008,4.509
Argentina,ARG,2009,5.672
Argentina,ARG,2010,5.572
Argentina,ARG,2011,5.688
Argentina,ARG,2012,6.144
Argentina,ARG,2013,6.264
Argentina,ARG,2014,6.361
Argentina,ARG,2015,6.853
Argentina,ARG,2016,5.619
Argentina,ARG,2017,6.644
Argentina,ARG,2018,5.965
Argentina,ARG,2019,5.954
Australia,AUS,1880,0
Australia,AUS,1890,0
Australia,AUS,1900,0
Australia,AUS,1910,0.38
Australia,AUS,1920,0.57
Australia,AUS,1930,0.44
Australia,AUS,1960,1.91366959064328
Australia,AUS,1961,2.0928216374269
Australia,AUS,1962,2.23125730994152
Australia,AUS,1963,2.14168128654971
Australia,AUS,1964,2.14982456140351
Australia,AUS,1965,2.22311403508772
Australia,AUS,1966,2.18239766081871
Australia,AUS,1967,2.01953216374269
Australia,AUS,1968,2.19054093567251
Australia,AUS,1969,2.30454678362573
Australia,AUS,1970,2.62213450292398
Australia,AUS,1971,2.785
Australia,AUS,1972,2.761
Australia,AUS,1973,2.738
Australia,AUS,1974,3.12
Australia,AUS,1975,4.199
Australia,AUS,1976,3.824
Australia,AUS,1977,3.686
Australia,AUS,1978,3.679
Australia,AUS,1979,3.585
Australia,AUS,1980,3.662
Australia,AUS,1981,3.572
Australia,AUS,1982,3.593
Australia,AUS,1983,3.799
Australia,AUS,1984,4.298
Australia,AUS,1985,4.338
Australia,AUS,1986,4.402
Australia,AUS,1987,4.275
Australia,AUS,1988,4.13
Australia,AUS,1989,4.118
Australia,AUS,1990,4.281
Australia,AUS,1991,4.466
Australia,AUS,1992,4.496
Australia,AUS,1993,4.494
Australia,AUS,1994,4.506
Australia,AUS,1995,4.593
Australia,AUS,1996,4.648
Australia,AUS,1997,4.766
Australia,AUS,1998,4.904
Australia,AUS,1999,5.105
Australia,AUS,2000,5.197
Australia,AUS,2001,5.206
Australia,AUS,2002,5.406
Australia,AUS,2003,5.364
Australia,AUS,2004,5.529
Australia,AUS,2005,5.454
Australia,AUS,2006,5.452
Australia,AUS,2007,5.585
Australia,AUS,2008,5.695
Australia,AUS,2009,5.926
Australia,AUS,2010,5.781
Australia,AUS,2011,5.911
Australia,AUS,2012,5.859
Australia,AUS,2013,5.685
Australia,AUS,2014,6.658
Australia,AUS,2015,6.985
Australia,AUS,2016,6.942
Australia,AUS,2017,6.991
Australia,AUS,2018,7.009
Australia,AUS,2019,7.361
Australia,AUS,2020,7.612
Austria,AUT,1880,0
Austria,AUT,1890,0
Austria,AUT,1900,0
Austria,AUT,1910,0
Austria,AUT,1920,0
Austria,AUT,1930,0
Austria,AUT,1960,2.63500874635568
Austria,AUT,1961,2.66075801749271
Austria,AUT,1962,2.70367346938775
Austria,AUT,1963,2.78092128279883
Austria,AUT,1964,2.72942274052478
Austria,AUT,1965,2.8410029154519
Austria,AUT,1966,2.87533527696793
Austria,AUT,1967,3.09849562682216
Austria,AUT,1968,2.99549854227405
Austria,AUT,1969,3.17574344023324
Austria,AUT,1970,2.944
Austria,AUT,1971,2.921
Austria,AUT,1972,2.909
Austria,AUT,1973,2.97
Austria,AUT,1974,3.22
Austria,AUT,1975,4.414
Austria,AUT,1976,4.586
Austria,AUT,1977,4.568
Austria,AUT,1978,4.727
Austria,AUT,1979,4.61
Austria,AUT,1980,4.72
Austria,AUT,1981,4.465
Austria,AUT,1982,4.427
Austria,AUT,1983,4.339
Austria,AUT,1984,4.344
Austria,AUT,1985,4.482
Austria,AUT,1986,4.565
Austria,AUT,1987,4.779
Austria,AUT,1988,4.743
Austria,AUT,1989,4.715
Austria,AUT,1990,5.74
Austria,AUT,1991,5.792
Austria,AUT,1992,6.048
Austria,AUT,1993,6.467
Austria,AUT,1994,6.828
Austria,AUT,1995,6.716
Austria,AUT,1996,6.661
Austria,AUT,1997,6.781
Austria,AUT,1998,6.902
Austria,AUT,1999,7.037
Austria,AUT,2000,6.952
Austria,AUT,2001,6.953
Austria,AUT,2002,7.027
Austria,AUT,2003,7.112
Austria,AUT,2004,7.125
Austria,AUT,2005,7.122
Austria,AUT,2006,7.091
Austria,AUT,2007,7.089
Austria,AUT,2008,7.29
Austria,AUT,2009,7.68
Austria,AUT,2010,7.63
Austria,AUT,2011,7.481
Austria,AUT,2012,7.617
Austria,AUT,2013,7.612
Austria,AUT,2014,7.673
Austria,AUT,2015,7.678
Austria,AUT,2016,7.657
Austria,AUT,2017,7.686
Austria,AUT,2018,7.724
Austria,AUT,2019,7.865
Austria,AUT,2020,8.772
Austria,AUT,2021,9.555
Belgium,BEL,1880,0.06
Belgium,BEL,1890,0.11
Belgium,BEL,1900,0.12
Belgium,BEL,1910,0.18
Belgium,BEL,1920,0.21
Belgium,BEL,1930,0.09
Belgium,BEL,1960,1.68330793423997
Belgium,BEL,1961,1.70712832953581
Belgium,BEL,1962,1.73094872483166
Belgium,BEL,1963,1.85005070131091
Belgium,BEL,1964,1.69918819777053
Belgium,BEL,1965,2.35821913428901
Belgium,BEL,1966,2.40585992488071
Belgium,BEL,1967,2.35821913428901
Belgium,BEL,1968,2.54084216489051
Belgium,BEL,1969,2.72346519549202
Belgium,BEL,1970,2.81874677667541
Belgium,BEL,1971,2.85050730373655
Belgium,BEL,1972,2.97754941198107
Belgium,BEL,1973,3.08077112492975
Belgium,BEL,1974,3.08871125669503
Belgium,BEL,1975,3.73186192968294
Belgium,BEL,1976,3.91448496028445
Belgium,BEL,1977,4.40677312973199
Belgium,BEL,1978,4.51793497444595
Belgium,BEL,1979,4.51793497444595
Belgium,BEL,1980,4.3988329979667
Belgium,BEL,1981,4.63703695092519
Belgium,BEL,1982,5.04198367095461
Belgium,BEL,1983,4.93876195800594
Belgium,BEL,1984,4.89112116741424
Belgium,BEL,1985,4.82760011329198
Belgium,BEL,1986,4.77995932270028
Belgium,BEL,1987,5.05786393448518
Belgium,BEL,1988,5.43105012745347
Belgium,BEL,1989,5.35958894156593
Belgium,BEL,1990,5.38340933686178
Belgium,BEL,1991,5.558092235698
Belgium,BEL,1992,5.665
Belgium,BEL,1993,5.701
Belgium,BEL,1994,5.502
Belgium,BEL,1995,5.774
Belgium,BEL,1996,6.109
Belgium,BEL,1997,5.785
Belgium,BEL,1998,5.833
Belgium,BEL,1999,5.938
Belgium,BEL,2000,5.968
Belgium,BEL,2001,6.146
Belgium,BEL,2002,6.139
Belgium,BEL,2003,6.798
Belgium,BEL,2004,7.001
Belgium,BEL,2005,6.904
Belgium,BEL,2006,6.814
Belgium,BEL,2007,6.782
Belgium,BEL,2008,7.273
Belgium,BEL,2009,7.879
Belgium,BEL,2010,7.783
Belgium,BEL,2011,7.898
Belgium,BEL,2012,8.033
Belgium,BEL,2013,8.04
Belgium,BEL,2014,8.079
Belgium,BEL,2015,8.265
Belgium,BEL,2016,8.305
Belgium,BEL,2017,8.304
Belgium,BEL,2018,8.337
Belgium,BEL,2019,8.107
Belgium,BEL,2020,8.491
Brazil,BRA,2000,3.47
Brazil,BRA,2001,3.513
Brazil,BRA,2002,3.686
Brazil,BRA,2003,3.51
Brazil,BRA,2004,3.467
Brazil,BRA,2005,3.345
Brazil,BRA,2006,3.542
Brazil,BRA,2007,3.485
Brazil,BRA,2008,3.505
Brazil,BRA,2009,3.708
Brazil,BRA,2010,3.577
Brazil,BRA,2011,3.467
Brazil,BRA,2012,3.356
Brazil,BRA,2013,3.556
Brazil,BRA,2014,3.709
Brazil,BRA,2015,3.861
Brazil,BRA,2016,3.952
Brazil,BRA,2017,3.959
Brazil,BRA,2018,3.897
Brazil,BRA,2019,3.93
Bulgaria,BGR,2003,4.393
Bulgaria,BGR,2004,4.117
Bulgaria,BGR,2005,4.128
Bulgaria,BGR,2006,3.659
Bulgaria,BGR,2007,3.459
Bulgaria,BGR,2008,3.534
Bulgaria,BGR,2009,3.583
Bulgaria,BGR,2010,3.932
Bulgaria,BGR,2011,3.86
Bulgaria,BGR,2012,3.845
Bulgaria,BGR,2013,4.057
Bulgaria,BGR,2014,4.493
Bulgaria,BGR,2015,4.148
Bulgaria,BGR,2016,4.128
Bulgaria,BGR,2017,4.222
Bulgaria,BGR,2018,4.33
Bulgaria,BGR,2019,4.295
Bulgaria,BGR,2020,5.353
Canada,CAN,1880,0
Canada,CAN,1890,0
Canada,CAN,1900,0
Canada,CAN,1910,0
Canada,CAN,1920,0.01
Canada,CAN,1930,0.02
Canada,CAN,1960,2.09934879032258
Canada,CAN,1961,2.2399060483871
Canada,CAN,1962,2.38046330645161
Canada,CAN,1963,2.52102056451613
Canada,CAN,1964,2.66157782258065
Canada,CAN,1965,2.80213508064516
Canada,CAN,1966,3.13550806451613
Canada,CAN,1967,3.4688810483871
Canada,CAN,1968,3.80225403225807
Canada,CAN,1969,4.13562701612903
Canada,CAN,1970,4.469
Canada,CAN,1971,4.858
Canada,CAN,1972,4.841
Canada,CAN,1973,4.612
Canada,CAN,1974,4.605
Canada,CAN,1975,5.002
Canada,CAN,1976,5.089
Canada,CAN,1977,5.046
Canada,CAN,1978,5
Canada,CAN,1979,4.872
Canada,CAN,1980,5.015
Canada,CAN,1981,5.185
Canada,CAN,1982,5.777
Canada,CAN,1983,5.906
Canada,CAN,1984,5.77
Canada,CAN,1985,5.734
Canada,CAN,1986,5.878
Canada,CAN,1987,5.828
Canada,CAN,1988,5.802
Canada,CAN,1989,5.944
Canada,CAN,1990,6.234
Canada,CAN,1991,6.748
Canada,CAN,1992,6.89
Canada,CAN,1993,6.673
Canada,CAN,1994,6.335
Canada,CAN,1995,6.072
Canada,CAN,1996,5.9
Canada,CAN,1997,5.803
Canada,CAN,1998,6.004
Canada,CAN,1999,5.81
Canada,CAN,2000,5.771
Canada,CAN,2001,6.012
Canada,CAN,2002,6.135
Canada,CAN,2003,6.303
Canada,CAN,2004,6.335
Canada,CAN,2005,6.312
Canada,CAN,2006,6.487
Canada,CAN,2007,6.573
Canada,CAN,2008,6.702
Canada,CAN,2009,7.523
Canada,CAN,2010,7.483
Canada,CAN,2011,7.31
Canada,CAN,2012,7.41
Canada,CAN,2013,7.368
Canada,CAN,2014,7.241
Canada,CAN,2015,7.591
Canada,CAN,2016,7.688
Canada,CAN,2017,7.574
Canada,CAN,2018,7.577
Canada,CAN,2019,7.641
Canada,CAN,2020,9.701
Canada,CAN,2021,8.695
Chile,CHL,2000,3.752
Chile,CHL,2001,3.77
Chile,CHL,2002,3.837
Chile,CHL,2003,3.829
Chile,CHL,2004,3.658
Chile,CHL,2005,3.487
Chile,CHL,2006,3.265
Chile,CHL,2007,3.395
Chile,CHL,2008,3.802
Chile,CHL,2009,4.612
Chile,CHL,2010,3.999
Chile,CHL,2011,4.026
Chile,CHL,2012,4.212
Chile,CHL,2013,4.419
Chile,CHL,2014,4.602
Chile,CHL,2015,4.878
Chile,CHL,2016,4.983
Chile,CHL,2017,5.454
Chile,CHL,2018,5.524
Chile,CHL,2019,5.656
Chile,CHL,2020,6.354
Chile,CHL,2021,5.834
China,CHN,2000,0.986
China,CHN,2001,0.971
China,CHN,2002,1.109
China,CHN,2003,1.251
China,CHN,2004,1.295
China,CHN,2005,1.37
China,CHN,2006,1.391
China,CHN,2007,1.436
China,CHN,2008,1.73
China,CHN,2009,2.143
China,CHN,2010,2.177
China,CHN,2011,2.315
China,CHN,2012,2.547
China,CHN,2013,2.705
China,CHN,2014,2.804
China,CHN,2015,2.986
China,CHN,2016,2.892
China,CHN,2017,2.86
China,CHN,2018,2.914
China,CHN,2019,3.002
Colombia,COL,2000,4.312
Colombia,COL,2001,4.577
Colombia,COL,2002,4.495
Colombia,COL,2003,4.608
Colombia,COL,2004,4.407
Colombia,COL,2005,4.499
Colombia,COL,2006,4.712
Colombia,COL,2007,4.749
Colombia,COL,2008,4.911
Colombia,COL,2009,5.438
Colombia,COL,2010,5.29
Colombia,COL,2011,5.15
Colombia,COL,2012,4.984
Colombia,COL,2013,5.304
Colombia,COL,2014,5.474
Colombia,COL,2015,5.741
Colombia,COL,2016,5.731
Colombia,COL,2017,5.882
Colombia,COL,2018,5.892
Colombia,COL,2019,6.284
Colombia,COL,2020,7.07
Costa Rica,CRI,2000,4.335
Costa Rica,CRI,2001,4.297
Costa Rica,CRI,2002,4.65
Costa Rica,CRI,2003,4.689
Costa Rica,CRI,2004,4.431
Costa Rica,CRI,2005,4.321
Costa Rica,CRI,2006,4.641
Costa Rica,CRI,2007,4.685
Costa Rica,CRI,2008,5.121
Costa Rica,CRI,2009,5.638
Costa Rica,CRI,2010,5.871
Costa Rica,CRI,2011,5.919
Costa Rica,CRI,2012,5.766
Costa Rica,CRI,2013,5.751
Costa Rica,CRI,2014,5.59
Costa Rica,CRI,2015,5.682
Costa Rica,CRI,2016,5.494
Costa Rica,CRI,2017,5.282
Costa Rica,CRI,2018,5.379
Costa Rica,CRI,2019,5.339
Costa Rica,CRI,2020,5.976
Croatia,HRV,2005,5.883
Croatia,HRV,2006,5.935
Croatia,HRV,2007,6.428
Croatia,HRV,2008,6.511
Croatia,HRV,2009,6.906
Croatia,HRV,2010,6.853
Croatia,HRV,2011,5.972
Croatia,HRV,2012,6.102
Croatia,HRV,2013,5.466
Croatia,HRV,2014,5.49
Croatia,HRV,2015,5.537
Croatia,HRV,2016,5.561
Croatia,HRV,2017,5.506
Croatia,HRV,2018,5.542
Croatia,HRV,2019,5.579
Croatia,HRV,2020,6.538
Cyprus,CYP,2005,2.244
Cyprus,CYP,2006,2.336
Cyprus,CYP,2007,2.301
Cyprus,CYP,2008,2.528
Cyprus,CYP,2009,2.778
Cyprus,CYP,2010,3.007
Cyprus,CYP,2011,3.085
Cyprus,CYP,2012,3.038
Cyprus,CYP,2013,3.201
Cyprus,CYP,2014,2.993
Cyprus,CYP,2015,2.872
Cyprus,CYP,2016,2.8
Cyprus,CYP,2017,2.758
Cyprus,CYP,2018,2.877
Cyprus,CYP,2019,3.857
Cyprus,CYP,2020,6.323
Czechia,CZE,1990,3.604
Czechia,CZE,1991,3.703
Czechia,CZE,1992,3.762
Czechia,CZE,1993,5.002
Czechia,CZE,1994,5.095
Czechia,CZE,1995,5.115
Czechia,CZE,1996,5.01
Czechia,CZE,1997,5.002
Czechia,CZE,1998,5.006
Czechia,CZE,1999,5.193
Czechia,CZE,2000,5.12
Czechia,CZE,2001,5.239
Czechia,CZE,2002,5.56
Czechia,CZE,2003,5.832
Czechia,CZE,2004,5.638
Czechia,CZE,2005,5.506
Czechia,CZE,2006,5.32
Czechia,CZE,2007,5.069
Czechia,CZE,2008,5.197
Czechia,CZE,2009,6.036
Czechia,CZE,2010,5.729
Czechia,CZE,2011,5.811
Czechia,CZE,2012,5.844
Czechia,CZE,2013,6.457
Czechia,CZE,2014,6.282
Czechia,CZE,2015,5.928
Czechia,CZE,2016,5.826
Czechia,CZE,2017,6.228
Czechia,CZE,2018,6.342
Czechia,CZE,2019,6.463
Czechia,CZE,2020,8.102
Denmark,DNK,1880,0.1
Denmark,DNK,1890,0.28
Denmark,DNK,1900,0.46
Denmark,DNK,1910,0.44
Denmark,DNK,1920,1.15
Denmark,DNK,1930,0.7
Denmark,DNK,1960,3.77833515482696
Denmark,DNK,1961,4.25793806921676
Denmark,DNK,1962,4.44510018214936
Denmark,DNK,1963,4.64395992714025
Denmark,DNK,1964,4.56207650273224
Denmark,DNK,1965,4.86621493624772
Denmark,DNK,1966,5.32242258652095
Denmark,DNK,1967,5.81372313296903
Denmark,DNK,1968,6.14125683060109
Denmark,DNK,1969,6.35181420765027
Denmark,DNK,1970,6.11786156648452
Denmark,DNK,1971,6.422
Denmark,DNK,1972,6.527
Denmark,DNK,1973,6.358
Denmark,DNK,1974,7.05
Denmark,DNK,1975,7.292
Denmark,DNK,1976,7.341
Denmark,DNK,1977,7.143
Denmark,DNK,1978,7.276
Denmark,DNK,1979,7.438
Denmark,DNK,1980,7.344
Denmark,DNK,1981,7.481
Denmark,DNK,1982,7.511
Denmark,DNK,1983,7.255
Denmark,DNK,1984,6.805
Denmark,DNK,1985,6.755
Denmark,DNK,1986,6.503
Denmark,DNK,1987,6.758
Denmark,DNK,1988,6.899
Denmark,DNK,1989,6.754
Denmark,DNK,1990,6.622
Denmark,DNK,1991,6.607
Denmark,DNK,1992,6.592
Denmark,DNK,1993,6.82
Denmark,DNK,1994,6.602
Denmark,DNK,1995,6.374
Denmark,DNK,1996,6.42
Denmark,DNK,1997,6.331
Denmark,DNK,1998,6.118
Denmark,DNK,1999,6.937
Denmark,DNK,2000,6.735
Denmark,DNK,2001,7.046
Denmark,DNK,2002,7.293
Denmark,DNK,2003,7.471
Denmark,DNK,2004,7.526
Denmark,DNK,2005,7.613
Denmark,DNK,2006,7.69
Denmark,DNK,2007,7.806
Denmark,DNK,2008,7.991
Denmark,DNK,2009,9.015
Denmark,DNK,2010,8.939
Denmark,DNK,2011,8.735
Denmark,DNK,2012,8.877
Denmark,DNK,2013,8.724
Denmark,DNK,2014,8.705
Denmark,DNK,2015,8.715
Denmark,DNK,2016,8.63
Denmark,DNK,2017,8.478
Denmark,DNK,2018,8.457
Denmark,DNK,2019,8.473
Denmark,DNK,2020,8.934
Denmark,DNK,2021,9.264
Estonia,EST,1999,4.366
Estonia,EST,2000,3.974
Estonia,EST,2001,3.746
Estonia,EST,2002,3.601
Estonia,EST,2003,3.726
Estonia,EST,2004,3.834
Estonia,EST,2005,3.78
Estonia,EST,2006,3.605
Estonia,EST,2007,3.783
Estonia,EST,2008,4.401
Estonia,EST,2009,5.1
Estonia,EST,2010,4.826
Estonia,EST,2011,4.463
Estonia,EST,2012,4.471
Estonia,EST,2013,4.549
Estonia,EST,2014,4.76
Estonia,EST,2015,4.961
Estonia,EST,2016,5.003
Estonia,EST,2017,4.854
Estonia,EST,2018,4.952
Estonia,EST,2019,5.081
Estonia,EST,2020,5.981
Estonia,EST,2021,5.86
Finland,FIN,1880,0.23
Finland,FIN,1890,0.34
Finland,FIN,1900,0.35
Finland,FIN,1910,0.38
Finland,FIN,1920,0.19
Finland,FIN,1930,1.28
Finland,FIN,1960,1.79016627078385
Finland,FIN,1961,1.81549881235154
Finland,FIN,1962,1.97593824228028
Finland,FIN,1963,2.1194893111639
Finland,FIN,1964,2.3137054631829
Finland,FIN,1965,2.73591448931116
Finland,FIN,1966,2.93013064133017
Finland,FIN,1967,3.39456057007126
Finland,FIN,1968,3.53811163895487
Finland,FIN,1969,3.60566508313539
Finland,FIN,1970,3.555
Finland,FIN,1971,3.756
Finland,FIN,1972,3.754
Finland,FIN,1973,3.758
Finland,FIN,1974,3.764
Finland,FIN,1975,4.35
Finland,FIN,1976,4.605
Finland,FIN,1977,4.793
Finland,FIN,1978,4.698
Finland,FIN,1979,4.62
Finland,FIN,1980,4.611
Finland,FIN,1981,4.742
Finland,FIN,1982,4.831
Finland,FIN,1983,4.836
Finland,FIN,1984,4.837
Finland,FIN,1985,5.165
Finland,FIN,1986,5.295
Finland,FIN,1987,5.426
Finland,FIN,1988,5.262
Finland,FIN,1989,5.333
Finland,FIN,1990,5.802
Finland,FIN,1991,6.681
Finland,FIN,1992,6.725
Finland,FIN,1993,5.903
Finland,FIN,1994,5.448
Finland,FIN,1995,5.239
Finland,FIN,1996,5.316
Finland,FIN,1997,5.089
Finland,FIN,1998,4.911
Finland,FIN,1999,4.841
Finland,FIN,2000,5.257
Finland,FIN,2001,5.408
Finland,FIN,2002,5.73
Finland,FIN,2003,5.991
Finland,FIN,2004,6.126
Finland,FIN,2005,6.312
Finland,FIN,2006,6.402
Finland,FIN,2007,6.239
Finland,FIN,2008,6.456
Finland,FIN,2009,7.102
Finland,FIN,2010,7.047
Finland,FIN,2011,7.158
Finland,FIN,2012,7.495
Finland,FIN,2013,7.643
Finland,FIN,2014,7.631
Finland,FIN,2015,7.421
Finland,FIN,2016,7.148
Finland,FIN,2017,6.974
Finland,FIN,2018,6.959
Finland,FIN,2019,7.136
Finland,FIN,2020,7.538
France,FRA,1880,0.25
France,FRA,1890,0.29
France,FRA,1900,0.27
France,FRA,1910,0.26
France,FRA,1920,0.23
France,FRA,1930,0.32
France,FRA,1960,2.1931724137931
France,FRA,1961,2.4527724137931
France,FRA,1962,2.69446896551724
France,FRA,1963,2.90035862068966
France,FRA,1964,3.09729655172414
France,FRA,1965,3.17786206896552
France,FRA,1966,3.33899310344828
France,FRA,1967,3.44641379310345
France,FRA,1968,3.33004137931035
France,FRA,1969,3.64335172413793
France,FRA,1970,3.894
France,FRA,1971,4.0692
France,FRA,1972,4.2444
France,FRA,1973,4.4196
France,FRA,1974,4.5948
France,FRA,1975,4.77
France,FRA,1976,4.8916
France,FRA,1977,5.0132
France,FRA,1978,5.1348
France,FRA,1979,5.2564
France,FRA,1980,5.378
France,FRA,1981,5.4996
France,FRA,1982,5.6212
France,FRA,1983,5.7428
France,FRA,1984,5.8644
France,FRA,1985,5.986
France,FRA,1986,6.004
France,FRA,1987,6.022
France,FRA,1988,6.04
France,FRA,1989,6.058
France,FRA,1990,6.076
France,FRA,1991,6.217
France,FRA,1992,6.411
France,FRA,1993,6.716
France,FRA,1994,6.656
France,FRA,1995,7.818
France,FRA,1996,7.809
France,FRA,1997,7.719
France,FRA,1998,7.628
France,FRA,1999,7.624
France,FRA,2000,7.56
France,FRA,2001,7.659
France,FRA,2002,7.935
France,FRA,2003,7.943
France,FRA,2004,8.008
France,FRA,2005,8.038
France,FRA,2006,8.021
France,FRA,2007,7.945
France,FRA,2008,8.032
France,FRA,2009,8.636
France,FRA,2010,8.561
France,FRA,2011,8.501
France,FRA,2012,8.596
France,FRA,2013,9.345
France,FRA,2014,9.479
France,FRA,2015,9.438
France,FRA,2016,9.521
France,FRA,2017,9.43
France,FRA,2018,9.345
France,FRA,2019,9.273
France,FRA,2020,10.338
Germany,DEU,1880,0
Germany,DEU,1890,0
Germany,DEU,1900,0
Germany,DEU,1910,0
Germany,DEU,1930,0.06
Germany,DEU,1960,3.16224938875306
Germany,DEU,1961,3.2520293398533
Germany,DEU,1962,3.35178484107579
Germany,DEU,1963,3.41163814180929
Germany,DEU,1964,3.40166259168704
Germany,DEU,1965,3.62112469437653
Germany,DEU,1966,3.98024449877751
Germany,DEU,1967,4.12987775061125
Germany,DEU,1968,4.30943765281174
Germany,DEU,1969,4.29946210268949
Germany,DEU,1970,4.08
Germany,DEU,1971,4.537
Germany,DEU,1972,4.845
Germany,DEU,1973,5.183
Germany,DEU,1974,5.674
Germany,DEU,1975,6.26
Germany,DEU,1976,6.274
Germany,DEU,1977,6.207
Germany,DEU,1978,6.264
Germany,DEU,1979,6.135
Germany,DEU,1980,6.303
Germany,DEU,1981,6.54
Germany,DEU,1982,6.361
Germany,DEU,1983,6.278
Germany,DEU,1984,6.387
Germany,DEU,1985,6.495
Germany,DEU,1986,6.437
Germany,DEU,1987,6.507
Germany,DEU,1988,6.624
Germany,DEU,1989,6.058
Germany,DEU,1990,6.058
Germany,DEU,1991,6.6085
Germany,DEU,1992,7.159
Germany,DEU,1993,7.1
Germany,DEU,1994,7.327
Germany,DEU,1995,7.643
Germany,DEU,1996,7.942
Germany,DEU,1997,7.728
Germany,DEU,1998,7.681
Germany,DEU,1999,7.716
Germany,DEU,2000,7.722
Germany,DEU,2001,7.743
Germany,DEU,2002,7.904
Germany,DEU,2003,8.022
Germany,DEU,2004,7.666
Germany,DEU,2005,7.769
Germany,DEU,2006,7.628
Germany,DEU,2007,7.531
Germany,DEU,2008,7.694
Germany,DEU,2009,9.365
Germany,DEU,2010,9.236
Germany,DEU,2011,8.958
Germany,DEU,2012,9.006
Germany,DEU,2013,9.221
Germany,DEU,2014,9.281
Germany,DEU,2015,9.414
Germany,DEU,2016,9.473
Germany,DEU,2017,9.554
Germany,DEU,2018,9.638
Germany,DEU,2019,9.827
Germany,DEU,2020,10.911
Germany,DEU,2021,11.016
Greece,GRC,1880,0
Greece,GRC,1890,0
Greece,GRC,1900,0
Greece,GRC,1910,0
Greece,GRC,1920,0
Greece,GRC,1930,0
Greece,GRC,1960,1.32263855421687
Greece,GRC,1961,1.26544337349398
Greece,GRC,1962,1.35123614457831
Greece,GRC,1963,1.35123614457831
Greece,GRC,1964,1.5013734939759
Greece,GRC,1965,1.5943156626506
Greece,GRC,1966,1.64436144578313
Greece,GRC,1967,1.60146506024096
Greece,GRC,1968,1.54426987951807
Greece,GRC,1969,1.54426987951807
Greece,GRC,1970,1.54426987951807
Greece,GRC,1971,1.63721204819277
Greece,GRC,1972,1.63721204819277
Greece,GRC,1973,1.5585686746988
Greece,GRC,1974,1.70155662650602
Greece,GRC,1975,1.75160240963855
Greece,GRC,1976,1.95178554216867
Greece,GRC,1977,2.17341686746988
Greece,GRC,1978,2.24491084337349
Greece,GRC,1979,2.2806578313253
Greece,GRC,1980,2.54518554216867
Greece,GRC,1981,2.70247228915663
Greece,GRC,1982,2.88120722891566
Greece,GRC,1983,2.90265542168675
Greece,GRC,1984,2.84546024096386
Greece,GRC,1985,2.81686265060241
Greece,GRC,1986,3.08853975903614
Greece,GRC,1987,2.95985060240964
Greece,GRC,1988,2.967
Greece,GRC,1989,3.387
Greece,GRC,1990,3.285
Greece,GRC,1991,3.211
Greece,GRC,1992,3.607
Greece,GRC,1993,4.046
Greece,GRC,1994,4.099
Greece,GRC,1995,4.214
Greece,GRC,1996,4.265
Greece,GRC,1997,4.147
Greece,GRC,1998,4.038
Greece,GRC,1999,4.254
Greece,GRC,2000,4.464
Greece,GRC,2001,5.049
Greece,GRC,2002,4.978
Greece,GRC,2003,5.058
Greece,GRC,2004,4.745
Greece,GRC,2005,5.21
Greece,GRC,2006,5.088
Greece,GRC,2007,5.319
Greece,GRC,2008,5.768
Greece,GRC,2009,6.427
Greece,GRC,2010,6.613
Greece,GRC,2011,6.04
Greece,GRC,2012,5.899
Greece,GRC,2013,5.238
Greece,GRC,2014,4.542
Greece,GRC,2015,4.803
Greece,GRC,2016,5.186
Greece,GRC,2017,4.926
Greece,GRC,2018,4.808
Greece,GRC,2019,5.046
Greece,GRC,2020,5.879
Hungary,HUN,1991,5.602
Hungary,HUN,1992,5.949
Hungary,HUN,1993,5.969
Hungary,HUN,1994,6.369
Hungary,HUN,1995,5.572
Hungary,HUN,1996,5.361
Hungary,HUN,1997,5.046
Hungary,HUN,1998,4.933
Hungary,HUN,1999,4.905
Hungary,HUN,2000,4.721
Hungary,HUN,2001,4.653
Hungary,HUN,2002,4.954
Hungary,HUN,2003,5.728
Hungary,HUN,2004,5.46
Hungary,HUN,2005,5.643
Hungary,HUN,2006,5.501
Hungary,HUN,2007,4.96
Hungary,HUN,2008,4.88
Hungary,HUN,2009,4.931
Hungary,HUN,2010,4.994
Hungary,HUN,2011,4.973
Hungary,HUN,2012,4.853
Hungary,HUN,2013,4.818
Hungary,HUN,2014,4.725
Hungary,HUN,2015,4.671
Hungary,HUN,2016,4.756
Hungary,HUN,2017,4.641
Hungary,HUN,2018,4.572
Hungary,HUN,2019,4.323
Hungary,HUN,2020,5.179
Hungary,HUN,2021,5.303
Iceland,ISL,1960,1.67430715935335
Iceland,ISL,1961,2.18016166281755
Iceland,ISL,1962,2.43665127020785
Iceland,ISL,1963,2.0519168591224
Iceland,ISL,1964,2.42952655889146
Iceland,ISL,1965,2.3226558891455
Iceland,ISL,1966,2.48652424942263
Iceland,ISL,1967,2.99950346420323
Iceland,ISL,1968,3.29874133949192
Iceland,ISL,1969,3.25599307159353
Iceland,ISL,1970,3.085
Iceland,ISL,1971,3.391
Iceland,ISL,1972,4.075
Iceland,ISL,1973,3.758
Iceland,ISL,1974,4.569
Iceland,ISL,1975,4.916
Iceland,ISL,1976,4.603
Iceland,ISL,1977,4.572
Iceland,ISL,1978,5.052
Iceland,ISL,1979,5.704
Iceland,ISL,1980,5.175
Iceland,ISL,1981,5.32
Iceland,ISL,1982,5.589
Iceland,ISL,1983,6.166
Iceland,ISL,1984,5.635
Iceland,ISL,1985,5.839
Iceland,ISL,1986,6.198
Iceland,ISL,1987,6.411
Iceland,ISL,1988,6.906
Iceland,ISL,1989,6.707
Iceland,ISL,1990,6.416
Iceland,ISL,1991,6.572
Iceland,ISL,1992,6.602
Iceland,ISL,1993,6.557
Iceland,ISL,1994,6.433
Iceland,ISL,1995,6.562
Iceland,ISL,1996,6.562
Iceland,ISL,1997,6.34
Iceland,ISL,1998,6.762
Iceland,ISL,1999,7.176
Iceland,ISL,2000,7.189
Iceland,ISL,2001,7.058
Iceland,ISL,2002,7.653
Iceland,ISL,2003,7.908
Iceland,ISL,2004,7.551
Iceland,ISL,2005,7.247
Iceland,ISL,2006,6.981
Iceland,ISL,2007,6.851
Iceland,ISL,2008,6.86
Iceland,ISL,2009,7.164
Iceland,ISL,2010,6.678
Iceland,ISL,2011,6.563
Iceland,ISL,2012,6.538
Iceland,ISL,2013,6.559
Iceland,ISL,2014,6.624
Iceland,ISL,2015,6.521
Iceland,ISL,2016,6.6
Iceland,ISL,2017,6.763
Iceland,ISL,2018,6.901
Iceland,ISL,2019,7.048
Iceland,ISL,2020,7.928
Iceland,ISL,2021,8.06
India,IND,2000,0.939
India,IND,2001,0.909
India,IND,2002,0.877
India,IND,2003,0.819
India,IND,2004,0.801
India,IND,2005,0.828
India,IND,2006,0.805
India,IND,2007,0.795
India,IND,2008,0.836
India,IND,2009,0.907
India,IND,2010,0.862
India,IND,2011,0.91
India,IND,2012,0.903
India,IND,2013,0.829
India,IND,2014,0.829
India,IND,2015,0.928
India,IND,2016,0.947
India,IND,2017,0.974
India,IND,2018,0.972
India,IND,2019,0.998
Ireland,IRL,1930,0.62
Ireland,IRL,1960,2.46332603938731
Ireland,IRL,1961,2.40603938730853
Ireland,IRL,1962,2.44695842450766
Ireland,IRL,1963,2.58608315098468
Ireland,IRL,1964,2.72520787746171
Ireland,IRL,1965,2.73339168490153
Ireland,IRL,1966,2.99527352297593
Ireland,IRL,1967,3.26533916849015
Ireland,IRL,1968,3.0198249452954
Ireland,IRL,1969,3.1835010940919
Ireland,IRL,1970,3.74
Ireland,IRL,1971,3.981
Ireland,IRL,1972,4.21
Ireland,IRL,1973,4.545
Ireland,IRL,1974,5
Ireland,IRL,1975,5.514
Ireland,IRL,1976,5.29
Ireland,IRL,1977,4.941
Ireland,IRL,1978,5.214
Ireland,IRL,1979,5.602
Ireland,IRL,1980,6.065
Ireland,IRL,1981,5.826
Ireland,IRL,1982,5.695
Ireland,IRL,1983,5.596
Ireland,IRL,1984,5.299
Ireland,IRL,1985,5.234
Ireland,IRL,1986,5.093
Ireland,IRL,1987,4.752
Ireland,IRL,1988,4.436
Ireland,IRL,1989,4.261
Ireland,IRL,1990,4.109
Ireland,IRL,1991,4.468
Ireland,IRL,1992,4.703
Ireland,IRL,1993,4.769
Ireland,IRL,1994,4.677
Ireland,IRL,1995,4.526
Ireland,IRL,1996,4.362
Ireland,IRL,1997,4.359
Ireland,IRL,1998,4.23
Ireland,IRL,1999,4.213
Ireland,IRL,2000,4.573
Ireland,IRL,2001,5.014
Ireland,IRL,2002,5.271
Ireland,IRL,2003,5.519
Ireland,IRL,2004,5.698
Ireland,IRL,2005,6.027
Ireland,IRL,2006,5.85
Ireland,IRL,2007,6.186
Ireland,IRL,2008,7.239
Ireland,IRL,2009,8.11
Ireland,IRL,2010,8.018
Ireland,IRL,2011,7.643
Ireland,IRL,2012,7.625
Ireland,IRL,2013,7.277
Ireland,IRL,2014,6.778
Ireland,IRL,2015,5.269
Ireland,IRL,2016,5.415
Ireland,IRL,2017,5.215
Ireland,IRL,2018,5.1
Ireland,IRL,2019,4.98
Ireland,IRL,2020,5.598
Ireland,IRL,2021,5.275
Israel,ISR,1995,4.702
Israel,ISR,1996,4.881
Israel,ISR,1997,4.912
Israel,ISR,1998,4.593
Israel,ISR,1999,4.408
Israel,ISR,2000,4.289
Israel,ISR,2001,4.528
Israel,ISR,2002,4.574
Israel,ISR,2003,4.429
Israel,ISR,2004,4.338
Israel,ISR,2005,4.266
Israel,ISR,2006,4.304
Israel,ISR,2007,4.168
Israel,ISR,2008,4.258
Israel,ISR,2009,4.316
Israel,ISR,2010,4.394
Israel,ISR,2011,4.354
Israel,ISR,2012,4.433
Israel,ISR,2013,4.466
Israel,ISR,2014,4.496
Israel,ISR,2015,4.503
Israel,ISR,2016,4.536
Israel,ISR,2017,4.623
Israel,ISR,2018,4.712
Israel,ISR,2019,4.832
Israel,ISR,2020,5.893
Italy,ITA,1880,0
Italy,ITA,1890,0
Italy,ITA,1900,0
Italy,ITA,1910,0
Italy,ITA,1920,0
Italy,ITA,1930,0
Italy,ITA,1960,2.74482173174873
Italy,ITA,1961,2.82716638370119
Italy,ITA,1962,2.82716638370119
Italy,ITA,1963,3.07420033955857
Italy,ITA,1964,3.27548726655348
Italy,ITA,1965,3.47677419354839
Italy,ITA,1966,3.61401528013582
Italy,ITA,1967,3.76040577249576
Italy,ITA,1968,3.83360101867572
Italy,ITA,1969,3.89764685908319
Italy,ITA,1970,4.0897843803056
Italy,ITA,1971,4.49235823429542
Italy,ITA,1972,4.84003565365026
Italy,ITA,1973,4.78513921901528
Italy,ITA,1974,4.80343803056027
Italy,ITA,1975,4.79428862478778
Italy,ITA,1976,4.76684040747029
Italy,ITA,1977,4.47405942275043
Italy,ITA,1978,4.75769100169779
Italy,ITA,1979,4.77598981324279
Italy,ITA,1980,5.09621901528014
Italy,ITA,1981,4.86748387096774
Italy,ITA,1982,4.9681273344652
Italy,ITA,1983,5.05962139219015
Italy,ITA,1984,4.87663327674024
Italy,ITA,1985,4.9589779286927
Italy,ITA,1986,4.82173684210526
Italy,ITA,1987,5.22431069609508
Italy,ITA,1988,5.389
Italy,ITA,1989,5.311
Italy,ITA,1990,5.685
Italy,ITA,1991,5.864
Italy,ITA,1992,5.735
Italy,ITA,1993,5.55
Italy,ITA,1994,5.276
Italy,ITA,1995,4.88
Italy,ITA,1996,4.952
Italy,ITA,1997,5.135
Italy,ITA,1998,5.117
Italy,ITA,1999,5.191
Italy,ITA,2000,5.496
Italy,ITA,2001,5.774
Italy,ITA,2002,5.897
Italy,ITA,2003,5.901
Italy,ITA,2004,6.226
Italy,ITA,2005,6.462
Italy,ITA,2006,6.56
Italy,ITA,2007,6.305
Italy,ITA,2008,6.628
Italy,ITA,2009,7.01
Italy,ITA,2010,6.995
Italy,ITA,2011,6.757
Italy,ITA,2012,6.665
Italy,ITA,2013,6.648
Italy,ITA,2014,6.689
Italy,ITA,2015,6.593
Italy,ITA,2016,6.492
Italy,ITA,2017,6.399
Italy,ITA,2018,6.413
Italy,ITA,2019,6.384
Italy,ITA,2020,7.329
Italy,ITA,2021,7.145
Japan,JPN,1880,0.03
Japan,JPN,1890,0.07
Japan,JPN,1900,0.1
Japan,JPN,1910,0.1
Japan,JPN,1920,0.1
Japan,JPN,1930,0.12
Japan,JPN,1960,1.73316037735849
Japan,JPN,1961,1.98212264150943
Japan,JPN,1962,2.09702830188679
Japan,JPN,1963,2.2502358490566
Japan,JPN,1964,2.36514150943396
Japan,JPN,1965,2.62367924528302
Japan,JPN,1966,2.62367924528302
Japan,JPN,1967,2.70028301886792
Japan,JPN,1968,2.70028301886792
Japan,JPN,1969,2.65240566037736
Japan,JPN,1970,3.045
Japan,JPN,1971,2.941
Japan,JPN,1972,3.099
Japan,JPN,1973,3.069
Japan,JPN,1974,3.629
Japan,JPN,1975,3.899
Japan,JPN,1976,4.066
Japan,JPN,1977,4.039
Japan,JPN,1978,4.362
Japan,JPN,1979,4.352
Japan,JPN,1980,4.454
Japan,JPN,1981,4.495
Japan,JPN,1982,4.599
Japan,JPN,1983,4.766
Japan,JPN,1984,4.64
Japan,JPN,1985,4.584
Japan,JPN,1986,4.645
Japan,JPN,1987,4.705
Japan,JPN,1988,4.59
Japan,JPN,1989,4.518
Japan,JPN,1990,4.467
Japan,JPN,1991,4.523
Japan,JPN,1992,4.708
Japan,JPN,1993,5.014
Japan,JPN,1994,5.081
Japan,JPN,1995,5.046
Japan,JPN,1996,4.915
Japan,JPN,1997,5.08
Japan,JPN,1998,5.214
Japan,JPN,1999,5.496
Japan,JPN,2000,5.658
Japan,JPN,2001,5.861
Japan,JPN,2002,5.937
Japan,JPN,2003,5.987
Japan,JPN,2004,6.049
Japan,JPN,2005,6.216
Japan,JPN,2006,6.174
Japan,JPN,2007,6.321
Japan,JPN,2008,6.566
Japan,JPN,2009,7.283
Japan,JPN,2010,7.425
Japan,JPN,2011,8.783
Japan,JPN,2012,8.957
Japan,JPN,2013,8.994
Japan,JPN,2014,9.025
Japan,JPN,2015,9.039
Japan,JPN,2016,8.957
Japan,JPN,2017,8.974
Japan,JPN,2018,9.002
Japan,JPN,2019,9.201
Japan,JPN,2020,9.28
Latvia,LVA,2000,2.758
Latvia,LVA,2001,2.812
Latvia,LVA,2002,2.857
Latvia,LVA,2003,2.73
Latvia,LVA,2004,3.484
Latvia,LVA,2005,3.249
Latvia,LVA,2006,3.51
Latvia,LVA,2007,3.355
Latvia,LVA,2008,3.369
Latvia,LVA,2009,3.637
Latvia,LVA,2010,3.67
Latvia,LVA,2011,3.635
Latvia,LVA,2012,3.265
Latvia,LVA,2013,3.246
Latvia,LVA,2014,3.26
Latvia,LVA,2015,3.315
Latvia,LVA,2016,3.426
Latvia,LVA,2017,3.42
Latvia,LVA,2018,3.706
Latvia,LVA,2019,3.972
Latvia,LVA,2020,4.737
Lithuania,LTU,2000,4.247
Lithuania,LTU,2001,4.304
Lithuania,LTU,2002,4.543
Lithuania,LTU,2003,4.663
Lithuania,LTU,2004,3.668
Lithuania,LTU,2005,3.768
Lithuania,LTU,2006,3.951
Lithuania,LTU,2007,4.098
Lithuania,LTU,2008,4.484
Lithuania,LTU,2009,5.337
Lithuania,LTU,2010,4.887
Lithuania,LTU,2011,4.606
Lithuania,LTU,2012,4.225
Lithuania,LTU,2013,4.058
Lithuania,LTU,2014,4.184
Lithuania,LTU,2015,4.358
Lithuania,LTU,2016,4.42
Lithuania,LTU,2017,4.275
Lithuania,LTU,2018,4.387
Lithuania,LTU,2019,4.646
Lithuania,LTU,2020,5.287
Lithuania,LTU,2021,5.507
Luxembourg,LUX,1975,3.63992
Luxembourg,LUX,1976,3.682
Luxembourg,LUX,1977,3.988
Luxembourg,LUX,1978,4.243
Luxembourg,LUX,1979,4.341
Luxembourg,LUX,1980,4.433
Luxembourg,LUX,1981,4.551
Luxembourg,LUX,1982,4.438
Luxembourg,LUX,1983,4.163
Luxembourg,LUX,1984,4.079
Luxembourg,LUX,1985,4.139
Luxembourg,LUX,1986,4.132
Luxembourg,LUX,1987,4.691
Luxembourg,LUX,1988,4.879
Luxembourg,LUX,1989,4.751
Luxembourg,LUX,1990,4.941
Luxembourg,LUX,1991,4.735
Luxembourg,LUX,1992,4.961
Luxembourg,LUX,1993,5.028
Luxembourg,LUX,1994,4.837
Luxembourg,LUX,1995,5.101
Luxembourg,LUX,1996,5.166
Luxembourg,LUX,1997,4.896
Luxembourg,LUX,1998,5.03
Luxembourg,LUX,1999,5.038
Luxembourg,LUX,2000,4.857
Luxembourg,LUX,2001,5.28
Luxembourg,LUX,2002,5.614
Luxembourg,LUX,2003,5.77
Luxembourg,LUX,2004,6.067
Luxembourg,LUX,2005,5.927
Luxembourg,LUX,2006,5.495
Luxembourg,LUX,2007,5.184
Luxembourg,LUX,2008,5.441
Luxembourg,LUX,2009,5.959
Luxembourg,LUX,2010,5.657
Luxembourg,LUX,2011,4.95
Luxembourg,LUX,2012,4.386
Luxembourg,LUX,2013,4.35
Luxembourg,LUX,2014,4.366
Luxembourg,LUX,2015,4.251
Luxembourg,LUX,2016,4.24
Luxembourg,LUX,2017,4.311
Luxembourg,LUX,2018,4.421
Luxembourg,LUX,2019,4.603
Luxembourg,LUX,2020,4.952
Malta,MLT,2003,5.509
Malta,MLT,2004,5.604
Malta,MLT,2005,5.986
Malta,MLT,2006,6.027
Malta,MLT,2007,5.451
Malta,MLT,2008,5.092
Malta,MLT,2009,5.144
Malta,MLT,2010,5.129
Malta,MLT,2011,5.447
Malta,MLT,2012,5.496
Malta,MLT,2013,5.739
Malta,MLT,2014,5.571
Malta,MLT,2015,5.389
Malta,MLT,2016,5.651
Malta,MLT,2017,5.572
Malta,MLT,2018,5.437
Malta,MLT,2019,5.473
Mexico,MEX,1999,2.058
Mexico,MEX,2000,2.012
Mexico,MEX,2001,2.109
Mexico,MEX,2002,2.165
Mexico,MEX,2003,2.414
Mexico,MEX,2004,2.587
Mexico,MEX,2005,2.465
Mexico,MEX,2006,2.422
Mexico,MEX,2007,2.527
Mexico,MEX,2008,2.617
Mexico,MEX,2009,2.861
Mexico,MEX,2010,2.881
Mexico,MEX,2011,2.914
Mexico,MEX,2012,3.007
Mexico,MEX,2013,3.123
Mexico,MEX,2014,2.892
Mexico,MEX,2015,2.987
Mexico,MEX,2016,2.848
Mexico,MEX,2017,2.758
Mexico,MEX,2018,2.672
Mexico,MEX,2019,2.678
Mexico,MEX,2020,3.302
Montenegro,MNE,2011,4.858
Montenegro,MNE,2012,5.304
Montenegro,MNE,2013,4.897
Montenegro,MNE,2014,4.858
Montenegro,MNE,2015,5.602
Montenegro,MNE,2016,5.31
Montenegro,MNE,2017,4.591
Montenegro,MNE,2018,5.007
Montenegro,MNE,2019,5.086
Netherlands,NLD,1880,0
Netherlands,NLD,1890,0
Netherlands,NLD,1900,0
Netherlands,NLD,1910,0
Netherlands,NLD,1920,0
Netherlands,NLD,1930,0
Netherlands,NLD,1960,1.05459745762712
Netherlands,NLD,1961,1.35475211864407
Netherlands,NLD,1962,1.70358050847458
Netherlands,NLD,1963,2.13353177966102
Netherlands,NLD,1964,2.22276694915254
Netherlands,NLD,1965,2.44179872881356
Netherlands,NLD,1966,2.7500656779661
Netherlands,NLD,1967,3.07455720338983
Netherlands,NLD,1968,3.35848728813559
Netherlands,NLD,1969,3.7154279661017
Netherlands,NLD,1970,4.08859322033898
Netherlands,NLD,1971,3.97502118644068
Netherlands,NLD,1972,3.829
Netherlands,NLD,1973,3.913
Netherlands,NLD,1974,4.01
Netherlands,NLD,1975,4.447
Netherlands,NLD,1976,4.414
Netherlands,NLD,1977,4.527
Netherlands,NLD,1978,4.615
Netherlands,NLD,1979,4.676
Netherlands,NLD,1980,4.768
Netherlands,NLD,1981,4.863
Netherlands,NLD,1982,5.073
Netherlands,NLD,1983,5.029
Netherlands,NLD,1984,4.833
Netherlands,NLD,1985,4.794
Netherlands,NLD,1986,4.687
Netherlands,NLD,1987,4.798
Netherlands,NLD,1988,4.707
Netherlands,NLD,1989,4.917
Netherlands,NLD,1990,4.978
Netherlands,NLD,1991,5.219
Netherlands,NLD,1992,5.632
Netherlands,NLD,1993,5.78
Netherlands,NLD,1994,5.624
Netherlands,NLD,1995,5.48
Netherlands,NLD,1996,5.042
Netherlands,NLD,1997,4.999
Netherlands,NLD,1998,5.398
Netherlands,NLD,1999,5.364
Netherlands,NLD,2000,5.321
Netherlands,NLD,2001,5.612
Netherlands,NLD,2002,6.053
Netherlands,NLD,2003,6.354
Netherlands,NLD,2004,6.25
Netherlands,NLD,2005,6.224
Netherlands,NLD,2006,7.605
Netherlands,NLD,2007,7.611
Netherlands,NLD,2008,7.669
Netherlands,NLD,2009,8.312
Netherlands,NLD,2010,8.467
Netherlands,NLD,2011,8.459
Netherlands,NLD,2012,8.654
Netherlands,NLD,2013,8.588
Netherlands,NLD,2014,8.568
Netherlands,NLD,2015,8.402
Netherlands,NLD,2016,8.358
Netherlands,NLD,2017,8.257
Netherlands,NLD,2018,8.238
Netherlands,NLD,2019,8.392
Netherlands,NLD,2020,9.472
New Zealand,NZL,1880,0.17
New Zealand,NZL,1890,0.39
New Zealand,NZL,1900,0.51
New Zealand,NZL,1910,0.72
New Zealand,NZL,1920,1.07
New Zealand,NZL,1930,1.13
New Zealand,NZL,1960,3.38776722090261
New Zealand,NZL,1961,3.56199524940618
New Zealand,NZL,1962,3.56199524940618
New Zealand,NZL,1963,3.48456057007126
New Zealand,NZL,1964,3.49423990498812
New Zealand,NZL,1965,3.58135391923991
New Zealand,NZL,1966,3.7749406175772
New Zealand,NZL,1967,3.7749406175772
New Zealand,NZL,1968,3.80397862232779
New Zealand,NZL,1969,3.81365795724466
New Zealand,NZL,1970,4.075
New Zealand,NZL,1971,3.822
New Zealand,NZL,1972,3.976
New Zealand,NZL,1973,3.967
New Zealand,NZL,1974,4.431
New Zealand,NZL,1975,4.812
New Zealand,NZL,1976,4.533
New Zealand,NZL,1977,4.833
New Zealand,NZL,1978,5.206
New Zealand,NZL,1979,5.301
New Zealand,NZL,1980,5.05
New Zealand,NZL,1981,5.387
New Zealand,NZL,1982,5.108
New Zealand,NZL,1983,5.007
New Zealand,NZL,1984,4.673
New Zealand,NZL,1985,4.294
New Zealand,NZL,1986,4.347
New Zealand,NZL,1987,4.859
New Zealand,NZL,1988,5.248
New Zealand,NZL,1989,5.386
New Zealand,NZL,1990,5.495
New Zealand,NZL,1991,5.84
New Zealand,NZL,1992,5.713
New Zealand,NZL,1993,5.307
New Zealand,NZL,1994,5.375
New Zealand,NZL,1995,5.362
New Zealand,NZL,1996,5.284
New Zealand,NZL,1997,5.486
New Zealand,NZL,1998,5.788
New Zealand,NZL,1999,5.732
New Zealand,NZL,2000,5.828
New Zealand,NZL,2001,5.792
New Zealand,NZL,2002,6.154
New Zealand,NZL,2003,6.049
New Zealand,NZL,2004,6.292
New Zealand,NZL,2005,6.592
New Zealand,NZL,2006,6.917
New Zealand,NZL,2007,6.863
New Zealand,NZL,2008,7.377
New Zealand,NZL,2009,7.799
New Zealand,NZL,2010,7.787
New Zealand,NZL,2011,7.7
New Zealand,NZL,2012,7.769
New Zealand,NZL,2013,7.493
New Zealand,NZL,2014,7.48
New Zealand,NZL,2015,7.333
New Zealand,NZL,2016,7.271
New Zealand,NZL,2017,7.047
New Zealand,NZL,2018,7.158
New Zealand,NZL,2019,7.206
New Zealand,NZL,2020,7.785
North Macedonia,MKD,2010,4.161
North Macedonia,MKD,2011,4.147
North Macedonia,MKD,2012,4.268
North Macedonia,MKD,2013,4.451
North Macedonia,MKD,2014,4.083
North Macedonia,MKD,2015,4.163
North Macedonia,MKD,2016,4.119
North Macedonia,MKD,2017,3.776
North Macedonia,MKD,2018,3.768
North Macedonia,MKD,2019,4.267
Norway,NOR,1880,0.22
Norway,NOR,1890,0.11
Norway,NOR,1900,0.28
Norway,NOR,1910,0.27
Norway,NOR,1920,0.31
Norway,NOR,1930,0.64
Norway,NOR,1960,2.02968409586057
Norway,NOR,1961,2.14814814814815
Norway,NOR,1962,2.29820261437909
Norway,NOR,1963,2.44825708061002
Norway,NOR,1964,2.52723311546841
Norway,NOR,1965,2.51933551198257
Norway,NOR,1966,2.81944444444444
Norway,NOR,1967,2.90631808278867
Norway,NOR,1968,3.01688453159041
Norway,NOR,1969,3.24591503267974
Norway,NOR,1970,3.625
Norway,NOR,1971,3.79
Norway,NOR,1972,4.397
Norway,NOR,1973,4.5
Norway,NOR,1974,4.513
Norway,NOR,1975,4.975
Norway,NOR,1976,5.168
Norway,NOR,1977,5.442
Norway,NOR,1978,5.604
Norway,NOR,1979,5.282
Norway,NOR,1980,5.312
Norway,NOR,1981,5.346
Norway,NOR,1982,5.469
Norway,NOR,1983,5.627
Norway,NOR,1984,5.327
Norway,NOR,1985,5.275
Norway,NOR,1986,5.691
Norway,NOR,1987,5.992
Norway,NOR,1988,5.888
Norway,NOR,1989,5.632
Norway,NOR,1990,5.858
Norway,NOR,1991,6.174
Norway,NOR,1992,6.342
Norway,NOR,1993,6.225
Norway,NOR,1994,6.155
Norway,NOR,1995,6.098
Norway,NOR,1996,6.018
Norway,NOR,1997,6.244
Norway,NOR,1998,6.855
Norway,NOR,1999,6.882
Norway,NOR,2000,6.299
Norway,NOR,2001,6.642
Norway,NOR,2002,7.46
Norway,NOR,2003,7.664
Norway,NOR,2004,7.323
Norway,NOR,2005,6.917
Norway,NOR,2006,6.595
Norway,NOR,2007,6.739
Norway,NOR,2008,6.698
Norway,NOR,2009,7.662
Norway,NOR,2010,7.541
Norway,NOR,2011,7.42
Norway,NOR,2012,7.44
Norway,NOR,2013,7.592
Norway,NOR,2014,7.97
Norway,NOR,2015,8.664
Norway,NOR,2016,9.043
Norway,NOR,2017,8.781
Norway,NOR,2018,8.591
Norway,NOR,2019,9.042
Norway,NOR,2020,9.75
Norway,NOR,2021,8.625
Peru,PER,2000,2.342
Peru,PER,2001,2.496
Peru,PER,2002,2.537
Peru,PER,2003,2.404
Peru,PER,2004,2.354
Peru,PER,2005,2.62
Peru,PER,2006,2.228
Peru,PER,2007,2.155
Peru,PER,2008,2.171
Peru,PER,2009,2.556
Peru,PER,2010,2.459
Peru,PER,2011,2.32
Peru,PER,2012,2.496
Peru,PER,2013,2.667
Peru,PER,2014,2.967
Peru,PER,2015,3.033
Peru,PER,2016,3.067
Peru,PER,2017,3.058
Peru,PER,2018,3.197
Peru,PER,2019,3.281
Poland,POL,1990,3.936
Poland,POL,1991,4.175
Poland,POL,1992,4.259
Poland,POL,1993,3.925
Poland,POL,1994,3.628
Poland,POL,1995,3.615
Poland,POL,1996,3.865
Poland,POL,1997,3.524
Poland,POL,1998,3.457
Poland,POL,1999,3.822
Poland,POL,2000,3.642
Poland,POL,2001,4.025
Poland,POL,2002,4.274
Poland,POL,2003,4.117
Poland,POL,2004,3.975
Poland,POL,2005,3.988
Poland,POL,2006,4.018
Poland,POL,2007,4.116
Poland,POL,2008,4.569
Poland,POL,2009,4.72
Poland,POL,2010,4.596
Poland,POL,2011,4.423
Poland,POL,2012,4.359
Poland,POL,2013,4.533
Poland,POL,2014,4.437
Poland,POL,2015,4.46
Poland,POL,2016,4.53
Poland,POL,2017,4.545
Poland,POL,2018,4.524
Poland,POL,2019,4.627
Poland,POL,2020,4.692
Poland,POL,2021,4.785
Portugal,PRT,1960,0.631139784946237
Portugal,PRT,1961,0.651720430107527
Portugal,PRT,1962,0.65858064516129
Portugal,PRT,1963,0.809505376344086
Portugal,PRT,1964,0.65858064516129
Portugal,PRT,1965,0.830086021505376
Portugal,PRT,1966,0.891827956989247
Portugal,PRT,1967,0.912408602150538
Portugal,PRT,1968,1.16623655913978
Portugal,PRT,1969,1.3514623655914
Portugal,PRT,1970,1.276
Portugal,PRT,1971,1.419
Portugal,PRT,1972,1.739
Portugal,PRT,1973,1.902
Portugal,PRT,1974,2.128
Portugal,PRT,1975,2.72
Portugal,PRT,1976,2.974
Portugal,PRT,1977,2.801
Portugal,PRT,1978,2.749
Portugal,PRT,1979,2.764
Portugal,PRT,1980,2.989
Portugal,PRT,1981,3.098
Portugal,PRT,1982,2.741
Portugal,PRT,1983,2.42
Portugal,PRT,1984,2.454
Portugal,PRT,1985,2.874
Portugal,PRT,1986,3.053
Portugal,PRT,1987,2.917
Portugal,PRT,1988,3.185
Portugal,PRT,1989,2.903
Portugal,PRT,1990,3.581
Portugal,PRT,1991,3.75
Portugal,PRT,1992,3.627
Portugal,PRT,1993,4.008
Portugal,PRT,1994,3.992
Portugal,PRT,1995,4.426
Portugal,PRT,1996,4.776
Portugal,PRT,1997,4.776
Portugal,PRT,1998,4.875
Portugal,PRT,1999,5.069
Portugal,PRT,2000,6.002
Portugal,PRT,2001,6.058
Portugal,PRT,2002,6.329
Portugal,PRT,2003,6.446
Portugal,PRT,2004,6.73
Portugal,PRT,2005,6.848
Portugal,PRT,2006,5.938
Portugal,PRT,2007,5.806
Portugal,PRT,2008,5.994
Portugal,PRT,2009,6.469
Portugal,PRT,2010,6.678
Portugal,PRT,2011,6.282
Portugal,PRT,2012,5.921
Portugal,PRT,2013,5.863
Portugal,PRT,2014,5.774
Portugal,PRT,2015,5.751
Portugal,PRT,2016,5.793
Portugal,PRT,2017,5.698
Portugal,PRT,2018,5.763
Portugal,PRT,2019,5.789
Portugal,PRT,2020,6.807
Portugal,PRT,2021,7.171
Romania,ROU,2003,4.537
Romania,ROU,2004,4.075
Romania,ROU,2005,4.444
Romania,ROU,2006,4.029
Romania,ROU,2007,4.107
Romania,ROU,2008,4.09
Romania,ROU,2009,4.156
Romania,ROU,2010,4.608
Romania,ROU,2011,3.538
Romania,ROU,2012,3.641
Romania,ROU,2013,4.123
Romania,ROU,2014,3.967
Romania,ROU,2015,3.86
Romania,ROU,2016,3.919
Romania,ROU,2017,4.051
Romania,ROU,2018,4.433
Romania,ROU,2019,4.618
Romania,ROU,2020,5.035
Serbia,SRB,2010,5.89
Serbia,SRB,2011,5.634
Serbia,SRB,2012,5.829
Serbia,SRB,2013,5.629
Serbia,SRB,2014,5.429
Serbia,SRB,2015,5.114
Serbia,SRB,2016,4.903
Serbia,SRB,2017,4.736
Serbia,SRB,2018,5.12
Serbia,SRB,2019,5.315
Slovakia,SVK,1997,5.175
Slovakia,SVK,1998,5.079
Slovakia,SVK,1999,4.947
Slovakia,SVK,2000,4.728
Slovakia,SVK,2001,4.75
Slovakia,SVK,2002,4.903
Slovakia,SVK,2003,4.783
Slovakia,SVK,2004,5.019
Slovakia,SVK,2005,4.96
Slovakia,SVK,2006,4.794
Slovakia,SVK,2007,4.974
Slovakia,SVK,2008,5.243
Slovakia,SVK,2009,5.841
Slovakia,SVK,2010,5.535
Slovakia,SVK,2011,5.408
Slovakia,SVK,2012,5.46
Slovakia,SVK,2013,5.582
Slovakia,SVK,2014,5.542
Slovakia,SVK,2015,5.407
Slovakia,SVK,2016,5.621
Slovakia,SVK,2017,5.416
Slovakia,SVK,2018,5.369
Slovakia,SVK,2019,5.544
Slovakia,SVK,2020,5.835
Slovenia,SVN,2000,5.689
Slovenia,SVN,2001,5.629
Slovenia,SVN,2002,5.885
Slovenia,SVN,2003,5.898
Slovenia,SVN,2004,5.83
Slovenia,SVN,2005,5.876
Slovenia,SVN,2006,5.721
Slovenia,SVN,2007,5.372
Slovenia,SVN,2008,5.777
Slovenia,SVN,2009,6.241
Slovenia,SVN,2010,6.288
Slovenia,SVN,2011,6.268
Slovenia,SVN,2012,6.271
Slovenia,SVN,2013,6.238
Slovenia,SVN,2014,6.046
Slovenia,SVN,2015,6.116
Slovenia,SVN,2016,6.166
Slovenia,SVN,2017,5.909
Slovenia,SVN,2018,6.029
Slovenia,SVN,2019,6.204
Slovenia,SVN,2020,6.892
South Africa,ZAF,2000,2.988
South Africa,ZAF,2001,2.678
South Africa,ZAF,2002,2.577
South Africa,ZAF,2003,3.137
South Africa,ZAF,2004,3.057
South Africa,ZAF,2005,3.076
South Africa,ZAF,2006,3.174
South Africa,ZAF,2007,3.247
South Africa,ZAF,2008,3.305
South Africa,ZAF,2009,3.767
South Africa,ZAF,2010,3.972
South Africa,ZAF,2011,4.063
South Africa,ZAF,2012,4.051
South Africa,ZAF,2013,4.043
South Africa,ZAF,2014,3.954
South Africa,ZAF,2015,4.097
South Africa,ZAF,2016,4.096
South Africa,ZAF,2017,4.087
South Africa,ZAF,2018,4.163
South Africa,ZAF,2019,4.39
South Korea,KOR,1970,0.234
South Korea,KOR,1971,0.285
South Korea,KOR,1972,0.216
South Korea,KOR,1973,0.189
South Korea,KOR,1974,0.171
South Korea,KOR,1975,0.241
South Korea,KOR,1976,0.211
South Korea,KOR,1977,0.279
South Korea,KOR,1978,0.303
South Korea,KOR,1979,0.534
South Korea,KOR,1980,0.693
South Korea,KOR,1981,0.71
South Korea,KOR,1982,0.849
South Korea,KOR,1983,0.949
South Korea,KOR,1984,0.997
South Korea,KOR,1985,1.07
South Korea,KOR,1986,0.963
South Korea,KOR,1987,0.969
South Korea,KOR,1988,1.097
South Korea,KOR,1989,1.279
South Korea,KOR,1990,1.454
South Korea,KOR,1991,1.305
South Korea,KOR,1992,1.371
South Korea,KOR,1993,1.401
South Korea,KOR,1994,1.409
South Korea,KOR,1995,1.422
South Korea,KOR,1996,1.594
South Korea,KOR,1997,1.688
South Korea,KOR,1998,1.915
South Korea,KOR,1999,2.009
South Korea,KOR,2000,2.1
South Korea,KOR,2001,2.595
South Korea,KOR,2002,2.458
South Korea,KOR,2003,2.594
South Korea,KOR,2004,2.595
South Korea,KOR,2005,2.741
South Korea,KOR,2006,3.028
South Korea,KOR,2007,3.117
South Korea,KOR,2008,3.187
South Korea,KOR,2009,3.521
South Korea,KOR,2010,3.605
South Korea,KOR,2011,3.607
South Korea,KOR,2012,3.626
South Korea,KOR,2013,3.694
South Korea,KOR,2014,3.81
South Korea,KOR,2015,3.919
South Korea,KOR,2016,4.082
South Korea,KOR,2017,4.223
South Korea,KOR,2018,4.517
South Korea,KOR,2019,4.964
South Korea,KOR,2020,5.234
South Korea,KOR,2021,5.685
Spain,ESP,1960,0.732846473029046
Spain,ESP,1961,0.707863070539419
Spain,ESP,1962,0.807796680497925
Spain,ESP,1963,0.79946887966805
Spain,ESP,1964,0.916058091286307
Spain,ESP,1965,1.07428630705394
Spain,ESP,1966,1.1908755186722
Spain,ESP,1967,1.52398755186722
Spain,ESP,1968,1.58228215767635
Spain,ESP,1969,1.78214937759336
Spain,ESP,1970,2.007
Spain,ESP,1971,2.271
Spain,ESP,1972,2.531
Spain,ESP,1973,2.81
Spain,ESP,1974,2.891
Spain,ESP,1975,3.213
Spain,ESP,1976,3.409
Spain,ESP,1977,3.702
Spain,ESP,1978,3.897
Spain,ESP,1979,3.877
Spain,ESP,1980,3.961
Spain,ESP,1981,4.005
Spain,ESP,1982,4.11
Spain,ESP,1983,4.536
Spain,ESP,1984,4.218
Spain,ESP,1985,4.049
Spain,ESP,1986,3.97
Spain,ESP,1987,4.019
Spain,ESP,1988,4.447
Spain,ESP,1989,4.472
Spain,ESP,1990,4.768
Spain,ESP,1991,4.835
Spain,ESP,1992,5.124
Spain,ESP,1993,5.299
Spain,ESP,1994,5.192
Spain,ESP,1995,5.064
Spain,ESP,1996,5.09
Spain,ESP,1997,5.009
Spain,ESP,1998,4.956
Spain,ESP,1999,4.956
Spain,ESP,2000,4.852
Spain,ESP,2001,4.808
Spain,ESP,2002,4.831
Spain,ESP,2003,5.378
Spain,ESP,2004,5.464
Spain,ESP,2005,5.533
Spain,ESP,2006,5.645
Spain,ESP,2007,5.725
Spain,ESP,2008,6.143
Spain,ESP,2009,6.837
Spain,ESP,2010,6.789
Spain,ESP,2011,6.737
Spain,ESP,2012,6.601
Spain,ESP,2013,6.438
Spain,ESP,2014,6.386
Spain,ESP,2015,6.509
Spain,ESP,2016,6.405
Spain,ESP,2017,6.31
Spain,ESP,2018,6.321
Spain,ESP,2019,6.454
Spain,ESP,2020,7.849
Sweden,SWE,1880,0.12
Sweden,SWE,1890,0.16
Sweden,SWE,1900,0.19
Sweden,SWE,1910,0.31
Sweden,SWE,1920,0.25
Sweden,SWE,1930,0.89
Sweden,SWE,1960,2.50564019448947
Sweden,SWE,1961,2.56459643435981
Sweden,SWE,1962,2.62355267423015
Sweden,SWE,1963,2.9699205834684
Sweden,SWE,1964,3.07309400324149
Sweden,SWE,1965,3.2647017828201
Sweden,SWE,1966,3.60370016207455
Sweden,SWE,1967,3.8542641815235
Sweden,SWE,1968,4.24484927066451
Sweden,SWE,1969,4.29643598055105
Sweden,SWE,1970,4.547
Sweden,SWE,1971,4.984
Sweden,SWE,1972,5.073
Sweden,SWE,1973,5.031
Sweden,SWE,1974,5.498
Sweden,SWE,1975,5.769
Sweden,SWE,1976,6.021
Sweden,SWE,1977,6.784
Sweden,SWE,1978,6.841
Sweden,SWE,1979,6.757
Sweden,SWE,1980,7.107
Sweden,SWE,1981,7.142
Sweden,SWE,1982,7.197
Sweden,SWE,1983,7.109
Sweden,SWE,1984,6.942
Sweden,SWE,1985,6.484
Sweden,SWE,1986,6.286
Sweden,SWE,1987,6.359
Sweden,SWE,1988,6.256
Sweden,SWE,1989,6.32
Sweden,SWE,1990,5.692
Sweden,SWE,1991,5.558
Sweden,SWE,1992,6.471
Sweden,SWE,1993,6.693
Sweden,SWE,1994,6.348
Sweden,SWE,1995,6.24
Sweden,SWE,1996,6.456
Sweden,SWE,1997,6.202
Sweden,SWE,1998,6.255
Sweden,SWE,1999,6.291
Sweden,SWE,2000,6.267
Sweden,SWE,2001,6.49
Sweden,SWE,2002,6.779
Sweden,SWE,2003,6.914
Sweden,SWE,2004,6.722
Sweden,SWE,2005,6.708
Sweden,SWE,2006,6.632
Sweden,SWE,2007,6.598
Sweden,SWE,2008,6.772
Sweden,SWE,2009,7.237
Sweden,SWE,2010,6.863
Sweden,SWE,2011,8.8
Sweden,SWE,2012,9.041
Sweden,SWE,2013,9.162
Sweden,SWE,2014,9.199
Sweden,SWE,2015,9.071
Sweden,SWE,2016,9.144
Sweden,SWE,2017,9.136
Sweden,SWE,2018,9.276
Sweden,SWE,2019,9.221
Sweden,SWE,2020,9.877
Sweden,SWE,2021,9.787
Switzerland,CHE,1880,0
Switzerland,CHE,1890,0
Switzerland,CHE,1900,0
Switzerland,CHE,1920,0.08
Switzerland,CHE,1930,0.26
Switzerland,CHE,1960,1.56329181920996
Switzerland,CHE,1961,1.62551238912877
Switzerland,CHE,1962,1.68773295904757
Switzerland,CHE,1963,1.72662081524683
Switzerland,CHE,1964,1.73439838648668
Switzerland,CHE,1965,1.78884138516563
Switzerland,CHE,1966,2.26327323079652
Switzerland,CHE,1967,2.37993679939427
Switzerland,CHE,1968,2.48104522551233
Switzerland,CHE,1969,2.53548822419129
Switzerland,CHE,1970,2.57437608039054
Switzerland,CHE,1971,2.76103779014695
Switzerland,CHE,1972,2.84659107378531
Switzerland,CHE,1973,2.97880978486277
Switzerland,CHE,1974,3.19658177957858
Switzerland,CHE,1975,3.75656690884782
Switzerland,CHE,1976,3.82656505000648
Switzerland,CHE,1977,3.82656505000648
Switzerland,CHE,1978,3.75656690884782
Switzerland,CHE,1979,3.77212205132752
Switzerland,CHE,1980,3.81100990752678
Switzerland,CHE,1981,3.88100804868543
Switzerland,CHE,1982,3.97433890356364
Switzerland,CHE,1983,4.1532230420802
Switzerland,CHE,1984,4.11433518588095
Switzerland,CHE,1985,4.0754473296817
Switzerland,CHE,1986,4.059892187202
Switzerland,CHE,1987,3.98989404604334
Switzerland,CHE,1988,4.1221127571208
Switzerland,CHE,1989,3.98989404604334
Switzerland,CHE,1990,4.14544547084035
Switzerland,CHE,1991,4.1843333270396
Switzerland,CHE,1992,4.26400282636503
Switzerland,CHE,1993,4.38717147219171
Switzerland,CHE,1994,4.55793568046908
Switzerland,CHE,1995,4.782
Switzerland,CHE,1996,5.067
Switzerland,CHE,1997,5.136
Switzerland,CHE,1998,5.215
Switzerland,CHE,1999,5.337
Switzerland,CHE,2000,5.297
Switzerland,CHE,2001,5.604
Switzerland,CHE,2002,6.005
Switzerland,CHE,2003,6.23
Switzerland,CHE,2004,6.271
Switzerland,CHE,2005,6.308
Switzerland,CHE,2006,5.954
Switzerland,CHE,2007,5.846
Switzerland,CHE,2008,6.026
Switzerland,CHE,2009,6.452
Switzerland,CHE,2010,6.391
Switzerland,CHE,2011,6.493
Switzerland,CHE,2012,6.781
Switzerland,CHE,2013,7.006
Switzerland,CHE,2014,7.016
Switzerland,CHE,2015,7.291
Switzerland,CHE,2016,7.398
Switzerland,CHE,2017,7.563
Switzerland,CHE,2018,7.331
Switzerland,CHE,2019,7.536
Switzerland,CHE,2020,8.221
Turkey,TUR,1962,0.519282828282828
Turkey,TUR,1963,0.514141414141414
Turkey,TUR,1964,0.555272727272727
Turkey,TUR,1965,0.565555555555555
Turkey,TUR,1966,0.616969696969697
Turkey,TUR,1967,0.627252525252525
Turkey,TUR,1968,0.663242424242424
Turkey,TUR,1969,0.74550505050505
Turkey,TUR,1970,0.65810101010101
Turkey,TUR,1971,0.503858585858586
Turkey,TUR,1972,0.344474747474747
Turkey,TUR,1973,0.519282828282828
Turkey,TUR,1974,0.694090909090909
Turkey,TUR,1975,0.86889898989899
Turkey,TUR,1976,0.678666666666667
Turkey,TUR,1977,0.488434343434343
Turkey,TUR,1978,0.411313131313131
Turkey,TUR,1979,0.509
Turkey,TUR,1980,0.694
Turkey,TUR,1981,0.276
Turkey,TUR,1982,0.415
Turkey,TUR,1983,0.365
Turkey,TUR,1984,0.891
Turkey,TUR,1985,0.724
Turkey,TUR,1986,0.725
Turkey,TUR,1987,0.699
Turkey,TUR,1988,1.022
Turkey,TUR,1989,1.293
Turkey,TUR,1990,1.466
Turkey,TUR,1991,1.751
Turkey,TUR,1992,1.838
Turkey,TUR,1993,1.788
Turkey,TUR,1994,1.806
Turkey,TUR,1995,1.72
Turkey,TUR,1996,1.959
Turkey,TUR,1997,2.19
Turkey,TUR,1998,2.522
Turkey,TUR,1999,2.674
Turkey,TUR,2000,2.837
Turkey,TUR,2001,3.287
Turkey,TUR,2002,3.542
Turkey,TUR,2003,3.57
Turkey,TUR,2004,3.52
Turkey,TUR,2005,3.315
Turkey,TUR,2006,3.543
Turkey,TUR,2007,3.603
Turkey,TUR,2008,3.793
Turkey,TUR,2009,4.423
Turkey,TUR,2010,3.916
Turkey,TUR,2011,3.682
Turkey,TUR,2012,3.519
Turkey,TUR,2013,3.425
Turkey,TUR,2014,3.357
Turkey,TUR,2015,3.217
Turkey,TUR,2016,3.361
Turkey,TUR,2017,3.248
Turkey,TUR,2018,3.191
Turkey,TUR,2019,3.387
Turkey,TUR,2020,3.641
United Kingdom,GBR,1880,0.13
United Kingdom,GBR,1890,0.16
United Kingdom,GBR,1900,0.29
United Kingdom,GBR,1910,0.32
United Kingdom,GBR,1920,0.56
United Kingdom,GBR,1930,0.64
United Kingdom,GBR,1960,2.92035038363171
United Kingdom,GBR,1961,2.97296930946292
United Kingdom,GBR,1962,2.95542966751918
United Kingdom,GBR,1963,2.97296930946292
United Kingdom,GBR,1964,2.96419948849105
United Kingdom,GBR,1965,3.10451662404092
United Kingdom,GBR,1966,3.22729411764706
United Kingdom,GBR,1967,3.39392071611253
United Kingdom,GBR,1968,3.4026905370844
United Kingdom,GBR,1969,3.30622250639386
United Kingdom,GBR,1970,3.429
United Kingdom,GBR,1971,3.469
United Kingdom,GBR,1972,3.557
United Kingdom,GBR,1973,3.476
United Kingdom,GBR,1974,4.143
United Kingdom,GBR,1975,4.486
United Kingdom,GBR,1976,4.487
United Kingdom,GBR,1977,4.378
United Kingdom,GBR,1978,4.351
United Kingdom,GBR,1979,4.252
United Kingdom,GBR,1980,4.532
United Kingdom,GBR,1981,4.71
United Kingdom,GBR,1982,4.498
United Kingdom,GBR,1983,4.666
United Kingdom,GBR,1984,4.563
United Kingdom,GBR,1985,4.428
United Kingdom,GBR,1986,4.407
United Kingdom,GBR,1987,4.421
United Kingdom,GBR,1988,4.331
United Kingdom,GBR,1989,4.249
United Kingdom,GBR,1990,4.291
United Kingdom,GBR,1991,4.586
United Kingdom,GBR,1992,4.975
United Kingdom,GBR,1993,5.066
United Kingdom,GBR,1994,5.091
United Kingdom,GBR,1995,4.668
United Kingdom,GBR,1996,4.659
United Kingdom,GBR,1997,5.135
United Kingdom,GBR,1998,5.263
United Kingdom,GBR,1999,5.463
United Kingdom,GBR,2000,5.476
United Kingdom,GBR,2001,5.737
United Kingdom,GBR,2002,6.103
United Kingdom,GBR,2003,6.316
United Kingdom,GBR,2004,6.664
United Kingdom,GBR,2005,6.792
United Kingdom,GBR,2006,6.996
United Kingdom,GBR,2007,6.996
United Kingdom,GBR,2008,7.304
United Kingdom,GBR,2009,8.091
United Kingdom,GBR,2010,8.006
United Kingdom,GBR,2011,7.973
United Kingdom,GBR,2012,7.957
United Kingdom,GBR,2013,7.857
United Kingdom,GBR,2014,7.85
United Kingdom,GBR,2015,7.779
United Kingdom,GBR,2016,7.772
United Kingdom,GBR,2017,7.631
United Kingdom,GBR,2018,7.658
United Kingdom,GBR,2019,7.836
United Kingdom,GBR,2020,9.923
United Kingdom,GBR,2021,9.898
United States,USA,1880,0.09
United States,USA,1890,0.14
United States,USA,1900,0.17
United States,USA,1910,0.26
United States,USA,1920,0.4
United States,USA,1930,0.34
United States,USA,1960,1.09367518248175
United States,USA,1961,1.1615
United States,USA,1962,1.17845620437956
United States,USA,1963,1.22084671532847
United States,USA,1964,1.22084671532847
United States,USA,1965,1.23780291970803
United States,USA,1966,1.49214598540146
United States,USA,1967,1.99235401459854
United States,USA,1968,2.11952554744526
United States,USA,1969,2.17039416058394
United States,USA,1970,2.323
United States,USA,1971,2.433
United States,USA,1972,2.491
United States,USA,1973,2.538
United States,USA,1974,2.769
United States,USA,1975,2.988
United States,USA,1976,3.049
United States,USA,1977,3.114
United States,USA,1978,3.14
United States,USA,1979,3.217
United States,USA,1980,3.458
United States,USA,1981,3.579
United States,USA,1982,3.822
United States,USA,1983,3.871
United States,USA,1984,3.786
United States,USA,1985,3.832
United States,USA,1986,3.973
United States,USA,1987,4.101
United States,USA,1988,4.125
United States,USA,1989,4.27
United States,USA,1990,4.543
United States,USA,1991,5.001
United States,USA,1992,5.283
United States,USA,1993,5.531
United States,USA,1994,5.689
United States,USA,1995,5.798
United States,USA,1996,6.242
United States,USA,1997,5.717
United States,USA,1998,5.56
United States,USA,1999,5.502
United States,USA,2000,5.543
United States,USA,2001,5.968
United States,USA,2002,6.326
United States,USA,2003,6.523
United States,USA,2004,6.608
United States,USA,2005,6.628
United States,USA,2006,6.781
United States,USA,2007,6.886
United States,USA,2008,7.198
United States,USA,2009,7.833
United States,USA,2010,7.889
United States,USA,2011,7.876
United States,USA,2012,7.853
United States,USA,2013,7.907
United States,USA,2014,13.372
United States,USA,2015,13.664
United States,USA,2016,13.912
United States,USA,2017,13.89
United States,USA,2018,13.796
United States,USA,2019,13.813
United States,USA,2020,15.949