Entity,Code,Year,Social Expenditure %GDP - (OWID extrapolated series),Social Expenditure %GDP - OECD (1985),Social Expenditure %GDP - OECD (SOCX),Social Expenditure %GDP - Lindert_Historical (2004),Social Expenditure %GDP - Lindert_OECD_Old (2004),Social Expenditure %GDP - Lindert_OECD_New (2004)
Australia,AUS,1880,0,,,0,,
Australia,AUS,1890,0,,,0,,
Australia,AUS,1900,0,,,0,,
Australia,AUS,1910,1.12,,,1.12,,
Australia,AUS,1920,1.66,,,1.66,,
Australia,AUS,1930,2.11,,,2.11,,
Australia,AUS,1960,5.93012553,7.388657043,,,7.39,
Australia,AUS,1961,6.333481916,7.891220099,,,,
Australia,AUS,1962,6.285261018,7.831139131,,,,
Australia,AUS,1963,6.199258799,7.723984418,,,,
Australia,AUS,1964,5.976754619,7.446754692,,,,
Australia,AUS,1965,6.059972782,7.550440603,,,,
Australia,AUS,1966,5.921643458,7.378088782,,,,
Australia,AUS,1967,5.652750976,7.043061417,,,,
Australia,AUS,1968,5.676263156,7.072356485,,,,
Australia,AUS,1969,5.849024071,7.287608447,,,,
Australia,AUS,1970,5.914159614,7.368764265,,,7.37,
Australia,AUS,1971,6.211192705,7.738853503,,,,
Australia,AUS,1972,6.638595805,8.271377631,,,,
Australia,AUS,1973,7.012542058,8.737297045,,,,
Australia,AUS,1974,8.39848658,10.46411863,,,,
Australia,AUS,1975,10.15894538,12.65756735,,,,
Australia,AUS,1976,10.59740856,13.20387182,,,,
Australia,AUS,1977,10.9222346,13.60858977,,,,
Australia,AUS,1978,10.6378896,13.25430929,,,,
Australia,AUS,1979,10.29641421,12.82884704,,,,
Australia,AUS,1980,10.268,12.79344428,10.268,,12.79,10.9
Australia,AUS,1985,12.088,,12.088,,,
Australia,AUS,1990,13.131,,13.131,,,13.57
Australia,AUS,1995,16.871,,16.871,,,14.84
Australia,AUS,2000,18.242,,18.242,,,
Australia,AUS,2005,16.681,,16.681,,,
Australia,AUS,2010,16.706,,16.706,,,
Australia,AUS,2013,18.109,,18.109,,,
Australia,AUS,2014,18.697,,18.697,,,
Australia,AUS,2015,18.794,,18.794,,,
Australia,AUS,2016,19.146,,19.146,,,
Australia,AUS,1981,,13.04127405,,,,
Austria,AUT,1880,0,,,0,,
Austria,AUT,1890,0,,,0,,
Austria,AUT,1900,0,,,0,,
Austria,AUT,1910,0,,,0,,
Austria,AUT,1920,0,,,0,,
Austria,AUT,1930,1.2,,,1.2,,
Austria,AUT,1960,14.99186298,15.88383373,,,15.88,
Austria,AUT,1961,14.99976284,15.89220362,,,,
Austria,AUT,1962,15.90124034,16.84731631,,,,
Austria,AUT,1963,16.29504608,17.26455231,,,,
Austria,AUT,1964,16.2562269,17.2234235,,,,
Austria,AUT,1965,16.46515979,17.44478727,,,,
Austria,AUT,1966,16.70533011,17.699247,,,,
Austria,AUT,1967,17.5085993,18.5503083,,,,
Austria,AUT,1968,17.04526279,18.05940465,,,,
Austria,AUT,1969,17.88484547,18.94893998,,,,
Austria,AUT,1970,17.84083333,18.90230925,,,18.9,
Austria,AUT,1971,17.98526652,19.05533578,,,,
Austria,AUT,1972,17.83411503,18.89519122,,,,
Austria,AUT,1973,17.67992692,18.73182939,,,,
Austria,AUT,1974,18.13958036,19.21883083,,,,
Austria,AUT,1975,19.78976937,20.96720112,,,,
Austria,AUT,1976,20.49304033,21.71231459,,,,
Austria,AUT,1977,20.49407434,21.71341012,,,,
Austria,AUT,1978,22.12682645,23.44330607,,,,
Austria,AUT,1979,22.07379021,23.38711433,,,,
Austria,AUT,1980,21.959,23.26549445,21.959,,23.27,23.43
Austria,AUT,1985,23.261,,23.261,,,
Austria,AUT,1990,23.205,,23.205,,,24.54
Austria,AUT,1995,25.998,,25.998,,,21.39
Austria,AUT,2000,25.487,,25.487,,,
Austria,AUT,2005,25.936,,25.936,,,
Austria,AUT,2010,27.577,,27.577,,,
Austria,AUT,2013,27.559,,27.559,,,
Austria,AUT,2014,27.854,,27.854,,,
Austria,AUT,2015,28.03,,28.03,,,
Austria,AUT,2016,27.786,,27.786,,,
Austria,AUT,1981,,23.87873636,,,,
Belgium,BEL,1880,0.17,,,0.17,,
Belgium,BEL,1890,0.22,,,0.22,,
Belgium,BEL,1900,0.26,,,0.26,,
Belgium,BEL,1910,0.43,,,0.43,,
Belgium,BEL,1920,0.52,,,0.52,,
Belgium,BEL,1930,0.56,,,0.56,,
Belgium,BEL,1960,10.02010637,13.14135938,,,13.14,
Belgium,BEL,1961,10.48927026,13.75666734,,,,
Belgium,BEL,1962,10.99132453,14.41511101,,,,
Belgium,BEL,1963,11.41547067,14.97137825,,,,
Belgium,BEL,1964,11.42834488,14.98826276,,,,
Belgium,BEL,1965,12.24171024,16.0549906,,,,
Belgium,BEL,1966,12.98460026,17.02929011,,,,
Belgium,BEL,1967,13.38371551,17.55272937,,,,
Belgium,BEL,1968,14.40560157,18.8929319,,,,
Belgium,BEL,1969,14.41783948,18.9089819,,,,
Belgium,BEL,1970,14.68352941,19.25743398,,,19.26,
Belgium,BEL,1971,14.96647344,19.62851478,,,,
Belgium,BEL,1972,15.86459354,20.80639838,,,,
Belgium,BEL,1973,16.28269833,21.3547424,,,,
Belgium,BEL,1974,16.89191045,22.15372348,,,,
Belgium,BEL,1975,20.39080258,26.74251697,,,,
Belgium,BEL,1976,21.38051374,28.04052215,,,,
Belgium,BEL,1977,22.55010485,29.57443972,,,,
Belgium,BEL,1978,22.81756082,29.92520794,,,,
Belgium,BEL,1979,23.00717358,30.1738849,,,,
Belgium,BEL,1980,23.079,30.26808517,23.079,,30.38,22.45
Belgium,BEL,1985,25.552,,25.552,,,
Belgium,BEL,1990,24.417,,24.417,,,23.11
Belgium,BEL,1995,25.169,,25.169,,,27.13
Belgium,BEL,2000,23.5,,23.5,,,
Belgium,BEL,2005,25.27,,25.27,,,
Belgium,BEL,2010,28.302,,28.302,,,
Belgium,BEL,2013,29.324,,29.324,,,
Belgium,BEL,2014,29.174,,29.174,,,
Belgium,BEL,2015,29.17,,29.17,,,
Belgium,BEL,2016,29.005,,29.005,,,
Canada,CAN,1880,0,,,0,,
Canada,CAN,1890,0,,,0,,
Canada,CAN,1900,0,,,0,,
Canada,CAN,1910,0,,,0,,
Canada,CAN,1920,0.06,,,0.06,,
Canada,CAN,1930,0.31,,,0.31,,
Canada,CAN,1960,8.117736532,9.124483471,,,9.12,
Canada,CAN,1961,8.396542221,9.437866135,,,,
Canada,CAN,1962,8.357319358,9.393778924,,,,
Canada,CAN,1963,8.290315209,9.318465042,,,,
Canada,CAN,1964,8.196586418,9.213112177,,,,
Canada,CAN,1965,7.937770546,8.92219843,,,,
Canada,CAN,1966,8.075592063,9.077112322,,,,
Canada,CAN,1967,8.829456762,9.924469952,,,,
Canada,CAN,1968,9.369240535,10.53119673,,,,
Canada,CAN,1969,9.720853383,10.92641596,,,,
Canada,CAN,1970,10.48436839,11.78462072,,,11.8,
Canada,CAN,1971,11.36838633,12.77827295,,,,
Canada,CAN,1972,12.12909131,13.63331918,,,,
Canada,CAN,1973,12.14316779,13.64914141,,,,
Canada,CAN,1974,12.53374604,14.08815845,,,,
Canada,CAN,1975,13.67648823,15.37262145,,,,
Canada,CAN,1976,13.37451818,15.03320163,,,,
Canada,CAN,1977,13.595433,15.2815139,,,,
Canada,CAN,1978,13.39408899,15.05519958,,,,
Canada,CAN,1979,12.90118654,14.50116825,,,,
Canada,CAN,1980,13.306,14.95618595,13.306,,14.96,12.91
Canada,CAN,1985,16.418,,16.418,,,
Canada,CAN,1990,17.546,,17.546,,,17.38
Canada,CAN,1995,18.354,,18.354,,,18.09
Canada,CAN,2000,15.763,,15.763,,,
Canada,CAN,2005,16.138,,16.138,,,
Canada,CAN,2010,17.547,,17.547,,,
Canada,CAN,2013,16.878,,16.878,,,
Canada,CAN,2014,16.818,,16.818,,,
Canada,CAN,2015,17.213,,17.213,,,
Canada,CAN,1981,,14.99136482,,,,
Chile,CHL,1990,9.83,,9.83,,,
Chile,CHL,1995,11.014,,11.014,,,
Chile,CHL,2000,12.737,,12.737,,,
Chile,CHL,2005,8.692,,8.692,,,
Chile,CHL,2010,10.466,,10.466,,,
Chile,CHL,2013,10.002,,10.002,,,
Chile,CHL,2014,10.52,,10.52,,,
Chile,CHL,2015,11.18,,11.18,,,
Czechia,CZE,1990,14.169,,14.169,,,
Czechia,CZE,1995,16.129,,16.129,,,
Czechia,CZE,2000,17.962,,17.962,,,
Czechia,CZE,2005,18.112,,18.112,,,
Czechia,CZE,2010,19.766,,19.766,,,
Czechia,CZE,2013,20.261,,20.261,,,
Czechia,CZE,2014,19.897,,19.897,,,
Czechia,CZE,2015,19.475,,19.475,,,
Czechia,CZE,2016,19.437,,19.437,,,
Denmark,DNK,1880,0.96,,,0.96,,
Denmark,DNK,1890,1.11,,,1.11,,
Denmark,DNK,1900,1.41,,,1.41,,
Denmark,DNK,1910,1.75,,,1.75,,
Denmark,DNK,1920,2.71,,,2.71,,
Denmark,DNK,1930,3.11,,,3.11,,
Denmark,DNK,1960,9.46270583,,,,12.26,
Denmark,DNK,1970,14.76521717,19.12802313,,,19.13,
Denmark,DNK,1971,15.53662405,20.12736425,,,,
Denmark,DNK,1972,15.66169698,20.28939355,,,,
Denmark,DNK,1973,15.56647099,20.16603031,,,,
Denmark,DNK,1974,17.52376389,22.70166142,,,,
Denmark,DNK,1975,18.72106353,24.2527375,,,,
Denmark,DNK,1976,18.01916598,23.34344423,,,,
Denmark,DNK,1977,18.35230368,23.77501701,,,,
Denmark,DNK,1978,19.23045696,24.9126458,,,,
Denmark,DNK,1979,19.7745319,25.61748325,,,,
Denmark,DNK,1980,20.334,,20.334,,27.45,26.44
Denmark,DNK,1985,19.294,,19.294,,,
Denmark,DNK,1990,21.973,,21.973,,,26.97
Denmark,DNK,1995,25.513,,25.513,,,30.86
Denmark,DNK,2000,23.765,,23.765,,,
Denmark,DNK,2005,25.186,,25.186,,,
Denmark,DNK,2010,28.941,,28.941,,,
Denmark,DNK,2013,29.017,,29.017,,,
Denmark,DNK,2014,29.001,,29.001,,,
Denmark,DNK,2015,28.814,,28.814,,,
Denmark,DNK,2016,28.677,,28.677,,,
Estonia,EST,2000,13.816,,13.816,,,
Estonia,EST,2005,12.97,,12.97,,,
Estonia,EST,2010,18.321,,18.321,,,
Estonia,EST,2013,15.871,,15.871,,,
Estonia,EST,2014,15.977,,15.977,,,
Estonia,EST,2015,17.037,,17.037,,,
Estonia,EST,2016,17.427,,17.427,,,
Finland,FIN,1880,0.66,,,0.66,,
Finland,FIN,1890,0.76,,,0.76,,
Finland,FIN,1900,0.78,,,0.78,,
Finland,FIN,1910,0.9,,,0.9,,
Finland,FIN,1920,0.85,,,0.85,,
Finland,FIN,1930,2.97,,,2.97,,
Finland,FIN,1960,8.144340766,8.810325477,,,8.81,
Finland,FIN,1961,8.407883875,9.095419216,,,,
Finland,FIN,1962,8.895144773,9.622524752,,,,
Finland,FIN,1963,9.06119164,9.802149719,,,,
Finland,FIN,1964,9.490408028,10.26646429,,,,
Finland,FIN,1965,10.27865087,11.11916387,,,,
Finland,FIN,1966,11.16363935,12.07652025,,,,
Finland,FIN,1967,11.90990932,12.88381473,,,,
Finland,FIN,1968,12.58923258,13.61868809,,,,
Finland,FIN,1969,12.37661529,13.3886845,,,,
Finland,FIN,1970,12.53344597,13.55833965,,,13.56,
Finland,FIN,1971,13.34528936,14.43656966,,,,
Finland,FIN,1972,13.99794372,15.14259333,,,,
Finland,FIN,1973,13.64675671,14.76268881,,,,
Finland,FIN,1974,13.9516556,15.09252011,,,,
Finland,FIN,1975,15.4373571,16.69971143,,,,
Finland,FIN,1976,17.04886543,18.44299714,,,,
Finland,FIN,1977,18.45034185,19.95907606,,,,
Finland,FIN,1978,18.74081587,20.27330293,,,,
Finland,FIN,1979,17.82869989,19.28660076,,,,
Finland,FIN,1980,17.742,19.19281119,17.742,,19.19,18.32
Finland,FIN,1985,21.663,,21.663,,,
Finland,FIN,1990,23.318,,23.318,,,24.66
Finland,FIN,1995,28.902,,28.902,,,31.65
Finland,FIN,2000,22.648,,22.648,,,
Finland,FIN,2005,23.927,,23.927,,,
Finland,FIN,2010,27.417,,27.417,,,
Finland,FIN,2013,29.482,,29.482,,,
Finland,FIN,2014,30.177,,30.177,,,
Finland,FIN,2015,30.575,,30.575,,,
Finland,FIN,2016,30.783,,30.783,,,
France,FRA,1880,0.46,,,0.46,,
France,FRA,1890,0.54,,,0.54,,
France,FRA,1900,0.57,,,0.57,,
France,FRA,1910,0.81,,,0.81,,
France,FRA,1920,0.64,,,0.64,,
France,FRA,1930,1.05,,,1.05,,
France,FRA,1960,12.03809709,,,,13.42,
France,FRA,1970,14.96240384,,,,16.68,
France,FRA,1975,16.46679708,18.35708876,,,,
France,FRA,1976,18.09021481,20.16686532,,,,
France,FRA,1977,18.59166897,20.72588348,,,,
France,FRA,1978,19.45212529,21.68511513,,,,
France,FRA,1979,19.72334639,21.98747083,,,,
France,FRA,1980,20.232,22.55451488,20.232,,22.55,22.95
France,FRA,1985,25.245,,25.245,,,
France,FRA,1990,24.28,,24.28,,,23.7
France,FRA,1995,28.332,,28.332,,,26.93
France,FRA,2000,27.495,,27.495,,,
France,FRA,2005,28.694,,28.694,,,
France,FRA,2010,30.664,,30.664,,,
France,FRA,2013,31.493,,31.493,,,
France,FRA,2014,31.938,,31.938,,,
France,FRA,2015,31.685,,31.685,,,
France,FRA,2016,31.548,,31.548,,,
France,FRA,1981,,23.6759924,,,,
Germany,DEU,1880,0.5,,,0.5,,
Germany,DEU,1890,0.53,,,0.53,,
Germany,DEU,1900,0.59,,,0.59,,
Germany,DEU,1930,4.82,,,4.82,,
Germany,DEU,1960,15.36900429,18.10373307,,,18.1,
Germany,DEU,1961,15.30499905,18.02833886,,,,
Germany,DEU,1962,15.38823514,18.12638581,,,,
Germany,DEU,1963,15.82884552,18.64539749,,,,
Germany,DEU,1964,15.3544809,18.08662542,,,,
Germany,DEU,1965,16.08403345,18.94599303,,,,
Germany,DEU,1966,16.29368853,19.19295371,,,,
Germany,DEU,1967,17.68985237,20.83754805,,,,
Germany,DEU,1968,17.47866871,20.5887868,,,,
Germany,DEU,1969,16.95038312,19.96649916,,,,
Germany,DEU,1970,16.56899836,19.51725159,,,19.53,
Germany,DEU,1971,17.31586635,20.39701572,,,,
Germany,DEU,1972,17.96411868,21.16061673,,,,
Germany,DEU,1973,18.29670434,21.55238199,,,,
Germany,DEU,1974,19.96037785,23.51208613,,,,
Germany,DEU,1975,23.05745714,27.16025329,,,,
Germany,DEU,1976,22.73042441,26.77502903,,,,
Germany,DEU,1977,22.57739198,26.59476632,,,,
Germany,DEU,1978,22.02451057,25.94350634,,,,
Germany,DEU,1979,21.58779659,25.42908438,,,,
Germany,DEU,1980,21.788,25.66491157,21.788,,25.66,20.42
Germany,DEU,1985,22.228,,22.228,,,
Germany,DEU,1990,21.354,,21.354,,,19.85
Germany,DEU,1995,25.225,,25.225,,,24.92
Germany,DEU,2000,25.405,,25.405,,,
Germany,DEU,2005,26.279,,26.279,,,
Germany,DEU,2010,25.922,,25.922,,,
Germany,DEU,2013,24.758,,24.758,,,
Germany,DEU,2014,24.851,,24.851,,,
Germany,DEU,2015,24.964,,24.964,,,
Germany,DEU,2016,25.289,,25.289,,,
Germany,DEU,1981,,26.3451316,,,,
Greece,GRC,1880,0,,,0,,
Greece,GRC,1890,0,,,0,,
Greece,GRC,1900,0,,,0,,
Greece,GRC,1910,0,,,0,,
Greece,GRC,1920,0,,,0,,
Greece,GRC,1930,0.07,,,0.07,,
Greece,GRC,1960,6.097022902,6.844106464,,,10.44,
Greece,GRC,1961,6.15928405,6.913996627,,,,
Greece,GRC,1962,6.292460982,7.063492063,,,,
Greece,GRC,1963,6.584765475,7.391613362,,,,
Greece,GRC,1964,6.822277068,7.658227848,,,,
Greece,GRC,1965,7.283308689,8.175750834,,,,
Greece,GRC,1966,7.61670586,8.55,,,,
Greece,GRC,1967,8.162280081,9.162424803,,,,
Greece,GRC,1968,8.433565012,9.466950959,,,,
Greece,GRC,1969,8.089454234,9.080675422,,,,
Greece,GRC,1970,8.047091117,9.033121445,,,9.03,
Greece,GRC,1971,8.091215174,9.082652134,,,,
Greece,GRC,1972,7.736204272,8.684140853,,,,
Greece,GRC,1973,7.009729518,7.868649318,,,,
Greece,GRC,1974,7.452637313,8.365827721,,,,
Greece,GRC,1975,7.713039336,8.658137459,,,,
Greece,GRC,1976,8.067154378,9.055643108,,,,
Greece,GRC,1977,8.86498118,9.951229636,,,,
Greece,GRC,1978,9.495982219,10.65954882,,,,
Greece,GRC,1979,9.30247371,10.44232923,,,,
Greece,GRC,1980,9.856,11.06368049,9.856,,11.06,8.67
Greece,GRC,1985,15.368,,15.368,,,
Greece,GRC,1990,15.721,,15.721,,,13.95
Greece,GRC,1995,16.6,,16.6,,,14.43
Greece,GRC,2000,18.383,,18.383,,,
Greece,GRC,2005,20.422,,20.422,,,
Greece,GRC,2010,23.826,,23.826,,,
Greece,GRC,2013,26.04,,26.04,,,
Greece,GRC,2014,26.077,,26.077,,,
Greece,GRC,2015,26.387,,26.387,,,
Greece,GRC,2016,27.026,,27.026,,,
Hungary,HUN,2000,20.113,,20.113,,,
Hungary,HUN,2005,21.857,,21.857,,,
Hungary,HUN,2010,23.038,,23.038,,,
Hungary,HUN,2013,22.108,,22.108,,,
Hungary,HUN,2014,21.373,,21.373,,,
Hungary,HUN,2015,20.672,,20.672,,,
Hungary,HUN,2016,20.604,,20.604,,,
Iceland,ISL,1990,13.186,,13.186,,,
Iceland,ISL,1995,14.71,,14.71,,,
Iceland,ISL,2000,14.631,,14.631,,,
Iceland,ISL,2005,15.893,,15.893,,,
Iceland,ISL,2010,16.996,,16.996,,,
Iceland,ISL,2013,16.603,,16.603,,,
Iceland,ISL,2014,16.677,,16.677,,,
Iceland,ISL,2015,15.674,,15.674,,,
Iceland,ISL,2016,15.214,,15.214,,,
Ireland,IRL,1930,3.74,,,3.74,,
Ireland,IRL,1960,7.09439486,8.696340884,,,8.7,
Ireland,IRL,1961,7.201331148,8.827423863,,,,
Ireland,IRL,1962,7.295329497,8.942647459,,,,
Ireland,IRL,1963,7.618721078,9.339062303,,,,
Ireland,IRL,1964,7.518391755,9.21607817,,,,
Ireland,IRL,1965,7.826963533,9.594326833,,,,
Ireland,IRL,1966,8.485709893,10.40182106,,,,
Ireland,IRL,1967,8.68570303,10.64697354,,,,
Ireland,IRL,1968,8.471068908,10.38387408,,,,
Ireland,IRL,1969,8.899226589,10.90871167,,,,
Ireland,IRL,1970,9.6976489,11.88742131,,,11.89,
Ireland,IRL,1971,10.23535483,12.54654363,,,,
Ireland,IRL,1972,10.10304491,12.38435754,,,,
Ireland,IRL,1973,10.98795601,13.46908552,,,,
Ireland,IRL,1974,12.38090535,15.17656904,,,,
Ireland,IRL,1975,13.91089618,17.05203863,,,,
Ireland,IRL,1976,13.7971166,16.91256711,,,,
Ireland,IRL,1977,13.33237617,16.34288622,,,,
Ireland,IRL,1978,13.37824249,16.39910935,,,,
Ireland,IRL,1979,13.79136835,16.90552088,,,,
Ireland,IRL,1980,15.657,19.19242048,15.657,,19.19,16.2
Ireland,IRL,1985,20.369,,20.369,,,
Ireland,IRL,1990,16.839,,16.839,,,18.05
Ireland,IRL,1995,17.543,,17.543,,,18.3
Ireland,IRL,2000,12.567,,12.567,,,
Ireland,IRL,2005,14.879,,14.879,,,
Ireland,IRL,2010,22.389,,22.389,,,
Ireland,IRL,2013,20.229,,20.229,,,
Ireland,IRL,2014,19.161,,19.161,,,
Ireland,IRL,2015,16.971,,16.971,,,
Ireland,IRL,2016,16.105,,16.105,,,
Ireland,IRL,1981,,20.88132388,,,,
Israel,ISR,1995,17.006,,17.006,,,
Israel,ISR,2000,17.005,,17.005,,,
Israel,ISR,2005,16.3,,16.3,,,
Israel,ISR,2010,16.035,,16.035,,,
Israel,ISR,2013,16.116,,16.116,,,
Israel,ISR,2014,16.241,,16.241,,,
Israel,ISR,2015,16.046,,16.046,,,
Israel,ISR,2016,16.098,,16.098,,,
Italy,ITA,1880,0,,,0,,
Italy,ITA,1890,0,,,0,,
Italy,ITA,1900,0,,,0,,
Italy,ITA,1910,0,,,0,,
Italy,ITA,1920,0,,,0,,
Italy,ITA,1930,0.08,,,0.08,,
Italy,ITA,1960,10.71713342,13.0951868,,,13.1,
Italy,ITA,1961,10.49876261,12.8283611,,,,
Italy,ITA,1962,11.32295597,13.83543693,,,,
Italy,ITA,1963,11.66436058,14.25259672,,,,
Italy,ITA,1964,11.73358679,14.33718372,,,,
Italy,ITA,1965,13.22655893,16.16143544,,,,
Italy,ITA,1966,13.35978202,16.32421976,,,,
Italy,ITA,1967,13.25533354,16.19659492,,,,
Italy,ITA,1968,13.55326517,16.5606354,,,,
Italy,ITA,1969,13.91295942,17.00014317,,,,
Italy,ITA,1970,13.87869274,16.95827297,,,16.94,
Italy,ITA,1971,14.84257901,18.13603853,,,,
Italy,ITA,1972,15.89002003,19.41589905,,,,
Italy,ITA,1973,15.64472293,19.11617231,,,,
Italy,ITA,1974,15.81899366,19.32911244,,,,
Italy,ITA,1975,17.21296682,21.03239803,,,,
Italy,ITA,1976,17.25647171,21.08555634,,,,
Italy,ITA,1977,16.63989902,20.33217068,,,,
Italy,ITA,1978,18.00924475,22.0053642,,,,
Italy,ITA,1979,17.3667989,21.22036433,,,,
Italy,ITA,1980,17.379,21.23527276,17.379,,21.24,17.1
Italy,ITA,1985,20.113,,20.113,,,
Italy,ITA,1990,20.652,,20.652,,,21.34
Italy,ITA,1995,20.957,,20.957,,,23.71
Italy,ITA,2000,22.637,,22.637,,,
Italy,ITA,2005,24.095,,24.095,,,
Italy,ITA,2010,27.629,,27.629,,,
Italy,ITA,2013,28.619,,28.619,,,
Italy,ITA,2014,28.972,,28.972,,,
Italy,ITA,2015,28.917,,28.917,,,
Italy,ITA,2016,28.871,,28.871,,,
Italy,ITA,1981,,22.54747072,,,,
Japan,JPN,1880,0.05,,,0.05,,
Japan,JPN,1890,0.11,,,0.11,,
Japan,JPN,1900,0.17,,,0.17,,
Japan,JPN,1910,0.18,,,0.18,,
Japan,JPN,1920,0.18,,,0.18,,
Japan,JPN,1930,0.21,,,0.21,,
Japan,JPN,1960,3.470812182,4.046461713,,,4.05,
Japan,JPN,1961,3.925302951,4.576331784,,,,
Japan,JPN,1962,4.19093792,4.886023486,,,,
Japan,JPN,1963,4.371477729,5.09650662,,,,
Japan,JPN,1964,4.420922763,5.154152331,,,,
Japan,JPN,1965,4.722153496,5.505343511,,,,
Japan,JPN,1966,4.777126347,5.569433853,,,,
Japan,JPN,1967,4.830765969,5.631969843,,,,
Japan,JPN,1968,4.768017334,5.558814069,,,,
Japan,JPN,1969,4.670731789,5.445393287,,,,
Japan,JPN,1970,4.90989891,5.724227332,,,5.72,
Japan,JPN,1971,5.132696242,5.983976585,,,,
Japan,JPN,1972,5.547535334,6.467618573,,,,
Japan,JPN,1973,5.729202871,6.679416474,,,,
Japan,JPN,1974,6.936385678,8.086815881,,,,
Japan,JPN,1975,7.992115301,9.317642926,,,,
Japan,JPN,1976,8.611482114,10.03973446,,,,
Japan,JPN,1977,8.946610719,10.43044563,,,,
Japan,JPN,1978,9.623850053,11.22000809,,,,
Japan,JPN,1979,9.933519057,11.58103707,,,,
Japan,JPN,1980,10.244,11.94301265,10.244,,11.94,10.48
Japan,JPN,1985,11.068,,11.068,,,
Japan,JPN,1990,11.107,,11.107,,,11.57
Japan,JPN,1995,14.055,,14.055,,,12.24
Japan,JPN,2000,16.269,,16.269,,,
Japan,JPN,2005,18.152,,18.152,,,
Japan,JPN,2010,22.074,,22.074,,,
Japan,JPN,2013,23.06,,23.06,,,
Japan,JPN,1981,,12.35867152,,,,
Latvia,LVA,1995,0,,0,,,
Latvia,LVA,2000,14.841,,14.841,,,
Latvia,LVA,2005,12.205,,12.205,,,
Latvia,LVA,2010,18.711,,18.711,,,
Latvia,LVA,2013,14.377,,14.377,,,
Latvia,LVA,2014,14.227,,14.227,,,
Latvia,LVA,2015,14.415,,14.415,,,
Latvia,LVA,2016,14.46,,14.46,,,
Luxembourg,LUX,1980,19.222,,19.222,,,
Luxembourg,LUX,1985,18.729,,18.729,,,
Luxembourg,LUX,1990,18.147,,18.147,,,
Luxembourg,LUX,1995,19.685,,19.685,,,
Luxembourg,LUX,2000,18.601,,18.601,,,
Luxembourg,LUX,2005,22.392,,22.392,,,
Luxembourg,LUX,2010,22.91,,22.91,,,
Luxembourg,LUX,2013,23.233,,23.233,,,
Luxembourg,LUX,2014,23.004,,23.004,,,
Luxembourg,LUX,2015,22.184,,22.184,,,
Luxembourg,LUX,2016,21.8,,21.8,,,
Mexico,MEX,1985,1.703,,1.703,,,
Mexico,MEX,1990,3.17,,3.17,,,
Mexico,MEX,1995,4.124,,4.124,,,
Mexico,MEX,2000,4.778,,4.778,,,
Mexico,MEX,2005,6.283,,6.283,,,
Mexico,MEX,2010,7.495,,7.495,,,
Netherlands,NLD,1880,0.29,,,0.29,,
Netherlands,NLD,1890,0.3,,,0.3,,
Netherlands,NLD,1900,0.39,,,0.39,,
Netherlands,NLD,1910,0.39,,,0.39,,
Netherlands,NLD,1920,0.99,,,0.99,,
Netherlands,NLD,1930,1.03,,,1.03,,
Netherlands,NLD,1960,9.604045445,11.70120898,,,11.7,
Netherlands,NLD,1961,10.40763334,12.68027035,,,,
Netherlands,NLD,1962,11.12187603,13.55047688,,,,
Netherlands,NLD,1963,12.81986312,15.61924069,,,,
Netherlands,NLD,1964,12.92968082,15.75303847,,,,
Netherlands,NLD,1965,14.04922895,17.11705395,,,,
Netherlands,NLD,1966,15.21529189,18.53774132,,,,
Netherlands,NLD,1967,16.22932575,19.77320217,,,,
Netherlands,NLD,1968,16.81327998,20.48467011,,,,
Netherlands,NLD,1969,17.64982788,21.50388872,,,,
Netherlands,NLD,1970,18.42703498,22.45080872,,,22.45,
Netherlands,NLD,1971,19.18258854,23.37134685,,,,
Netherlands,NLD,1972,19.96527057,24.32493731,,,,
Netherlands,NLD,1973,20.5507956,25.03831905,,,,
Netherlands,NLD,1974,21.91989118,26.70637379,,,,
Netherlands,NLD,1975,24.26125453,29.55900314,,,,
Netherlands,NLD,1976,24.30077343,29.60715148,,,,
Netherlands,NLD,1977,20.96819799,25.54686648,,,,
Netherlands,NLD,1978,21.83820323,26.60684825,,,,
Netherlands,NLD,1979,22.5536143,27.47847829,,,,
Netherlands,NLD,1980,23.261,28.3403305,23.261,,28.34,26.94
Netherlands,NLD,1985,23.78,,23.78,,,
Netherlands,NLD,1990,23.989,,23.989,,,27.59
Netherlands,NLD,1995,22.339,,22.339,,,25.7
Netherlands,NLD,2000,18.404,,18.404,,,
Netherlands,NLD,2005,20.489,,20.489,,,
Netherlands,NLD,2010,22.087,,22.087,,,
Netherlands,NLD,2013,22.879,,22.879,,,
Netherlands,NLD,2014,22.661,,22.661,,,
Netherlands,NLD,2015,22.313,,22.313,,,
Netherlands,NLD,2016,22.006,,22.006,,,
Netherlands,NLD,1981,,29.07257374,,,,
New Zealand,NZL,1880,0.17,,,0.17,,
New Zealand,NZL,1890,0.39,,,0.39,,
New Zealand,NZL,1900,1.09,,,1.09,,
New Zealand,NZL,1910,1.35,,,1.35,,
New Zealand,NZL,1920,1.84,,,1.84,,
New Zealand,NZL,1930,2.43,,,2.43,,
New Zealand,NZL,1960,11.40733281,10.36615713,,,10.37,
New Zealand,NZL,1961,11.31475973,10.28203343,,,,
New Zealand,NZL,1962,11.57334823,10.51701991,,,,
New Zealand,NZL,1963,11.00763835,10.00294377,,,,
New Zealand,NZL,1964,10.77076614,9.787691481,,,,
New Zealand,NZL,1965,10.55456804,9.591226321,,,,
New Zealand,NZL,1966,10.76277487,9.780429594,,,,
New Zealand,NZL,1967,11.11255642,10.09828571,,,,
New Zealand,NZL,1968,10.85267948,9.862128393,,,,
New Zealand,NZL,1969,10.50059338,9.542178064,,,,
New Zealand,NZL,1970,10.14585955,9.219821674,,,9.22,
New Zealand,NZL,1971,9.966974145,9.057263587,,,,
New Zealand,NZL,1972,11.042047,10.03421186,,,,
New Zealand,NZL,1973,11.57058034,10.51450465,,,,
New Zealand,NZL,1974,12.1741924,11.06302353,,,,
New Zealand,NZL,1975,12.9668692,11.78335075,,,,
New Zealand,NZL,1976,13.35496148,12.13602088,,,,
New Zealand,NZL,1977,15.75486853,14.31688243,,,,
New Zealand,NZL,1978,16.35007378,14.85776182,,,,
New Zealand,NZL,1979,16.19167708,14.71382238,,,,
New Zealand,NZL,1980,16.744,15.21573341,16.744,,15.22,16.22
New Zealand,NZL,1985,17.127,,17.127,,,
New Zealand,NZL,1990,20.535,,20.535,,,22.12
New Zealand,NZL,1995,17.904,,17.904,,,18.64
New Zealand,NZL,2000,18.457,,18.457,,,
New Zealand,NZL,2005,17.809,,17.809,,,
New Zealand,NZL,2010,20.251,,20.251,,,
New Zealand,NZL,2013,19.275,,19.275,,,
New Zealand,NZL,2014,19.371,,19.371,,,
New Zealand,NZL,2015,19.667,,19.667,,,
New Zealand,NZL,1981,,15.23218407,,,,
Norway,NOR,1880,1.07,,,1.07,,
Norway,NOR,1890,0.95,,,0.95,,
Norway,NOR,1900,1.24,,,1.24,,
Norway,NOR,1910,1.18,,,1.18,,
Norway,NOR,1920,1.09,,,1.09,,
Norway,NOR,1930,2.39,,,2.39,,
Norway,NOR,1960,6.030845779,7.852864662,,,7.85,
Norway,NOR,1961,6.224853234,8.105484998,,,,
Norway,NOR,1962,6.779611853,8.827845429,,,,
Norway,NOR,1963,7.106425371,9.253394751,,,,
Norway,NOR,1964,7.330135145,9.54469097,,,,
Norway,NOR,1965,7.797818829,10.15366968,,,,
Norway,NOR,1966,8.597698247,11.19520598,,,,
Norway,NOR,1967,9.164308272,11.93299832,,,,
Norway,NOR,1968,9.670078428,12.59157006,,,,
Norway,NOR,1969,10.32190022,13.44031807,,,,
Norway,NOR,1970,12.38833063,16.13105149,,,16.13,
Norway,NOR,1971,13.36577297,17.40379544,,,,
Norway,NOR,1972,14.33363533,18.66406512,,,,
Norway,NOR,1973,14.65131267,19.07771808,,,,
Norway,NOR,1974,14.32374614,18.65118825,,,,
Norway,NOR,1975,14.97422503,19.49818764,,,,
Norway,NOR,1976,15.53919793,20.23384824,,,,
Norway,NOR,1977,15.91662478,20.72530204,,,,
Norway,NOR,1978,16.71197679,21.76094312,,,,
Norway,NOR,1979,16.92743664,22.04149697,,,,
Norway,NOR,1980,16.121,20.99142241,16.121,,20.99,18.5
Norway,NOR,1985,17.198,,17.198,,,
Norway,NOR,1990,21.55,,21.55,,,26.44
Norway,NOR,1995,22.474,,22.474,,,27.55
Norway,NOR,2000,20.402,,20.402,,,
Norway,NOR,2005,20.749,,20.749,,,
Norway,NOR,2010,21.916,,21.916,,,
Norway,NOR,2013,21.765,,21.765,,,
Norway,NOR,2014,22.448,,22.448,,,
Norway,NOR,2015,23.909,,23.909,,,
Norway,NOR,2016,25.075,,25.075,,,
Norway,NOR,1981,,20.92095291,,,,
Poland,POL,1990,14.592,,14.592,,,
Poland,POL,1995,21.832,,21.832,,,
Poland,POL,2000,20.221,,20.221,,,
Poland,POL,2005,20.878,,20.878,,,
Poland,POL,2010,20.632,,20.632,,,
Poland,POL,2013,19.57,,19.57,,,
Poland,POL,2014,19.489,,19.489,,,
Poland,POL,2015,19.419,,19.419,,,
Poland,POL,2016,20.214,,20.214,,,
Portugal,PRT,1880,0,,,0,,
Portugal,PRT,1890,0,,,0,,
Portugal,PRT,1900,0,,,0,,
Portugal,PRT,1910,0,,,0,,
Portugal,PRT,1920,0,,,0,,
Portugal,PRT,1930,0,,,0,,
Portugal,PRT,1980,9.513,,9.513,,,10.1
Portugal,PRT,1985,9.829,,9.829,,,
Portugal,PRT,1990,12.224,,12.224,,,12.62
Portugal,PRT,1995,16.016,,16.016,,,15.23
Portugal,PRT,2000,18.513,,18.513,,,
Portugal,PRT,2005,22.329,,22.329,,,
Portugal,PRT,2010,24.482,,24.482,,,
Portugal,PRT,2013,25.497,,25.497,,,
Portugal,PRT,2014,24.523,,24.523,,,
Portugal,PRT,2015,24.1,,24.1,,,
Portugal,PRT,2016,24.113,,24.113,,,
Slovakia,SVK,1995,18.403,,18.403,,,
Slovakia,SVK,2000,17.55,,17.55,,,
Slovakia,SVK,2005,15.834,,15.834,,,
Slovakia,SVK,2010,18.051,,18.051,,,
Slovakia,SVK,2013,18.103,,18.103,,,
Slovakia,SVK,2014,19.318,,19.318,,,
Slovakia,SVK,2015,19.408,,19.408,,,
Slovakia,SVK,2016,18.598,,18.598,,,
Slovenia,SVN,1995,5.702,,5.702,,,
Slovenia,SVN,2000,22.372,,22.372,,,
Slovenia,SVN,2005,21.441,,21.441,,,
Slovenia,SVN,2010,23.397,,23.397,,,
Slovenia,SVN,2013,23.978,,23.978,,,
Slovenia,SVN,2014,23.081,,23.081,,,
Slovenia,SVN,2015,22.362,,22.362,,,
Slovenia,SVN,2016,22.834,,22.834,,,
South Korea,KOR,1990,2.682,,2.682,,,
South Korea,KOR,1995,3.071,,3.071,,,
South Korea,KOR,2000,4.525,,4.525,,,
South Korea,KOR,2005,6.115,,6.115,,,
South Korea,KOR,2010,8.283,,8.283,,,
South Korea,KOR,2013,9.332,,9.332,,,
South Korea,KOR,2014,9.718,,9.718,,,
South Korea,KOR,2015,10.108,,10.108,,,
South Korea,KOR,2016,10.359,,10.359,,,
Spain,ESP,1880,0,,,0,,
Spain,ESP,1890,0,,,0,,
Spain,ESP,1900,0,,,0,,
Spain,ESP,1910,0.02,,,0.02,,
Spain,ESP,1920,0.04,,,0.04,,
Spain,ESP,1930,0.07,,,0.07,,
Spain,ESP,1980,14.984,,14.984,,,12.97
Spain,ESP,1985,17.14,,17.14,,,
Spain,ESP,1990,19.196,,19.196,,,17.01
Spain,ESP,1995,20.687,,20.687,,,19.01
Spain,ESP,2000,19.481,,19.481,,,
Spain,ESP,2005,20.407,,20.407,,,
Spain,ESP,2010,25.839,,25.839,,,
Spain,ESP,2013,26.28,,26.28,,,
Spain,ESP,2014,26.069,,26.069,,,
Spain,ESP,2015,25.371,,25.371,,,
Spain,ESP,2016,24.61,,24.61,,,
Sweden,SWE,1880,0.72,,,0.72,,
Sweden,SWE,1890,0.85,,,0.85,,
Sweden,SWE,1900,0.85,,,0.85,,
Sweden,SWE,1910,1.03,,,1.03,,
Sweden,SWE,1920,1.14,,,1.14,,
Sweden,SWE,1930,2.59,,,2.59,,
Sweden,SWE,1960,10.371663,10.826,,,10.83,
Sweden,SWE,1961,10.31828846,10.77,,,,
Sweden,SWE,1962,10.64236657,11.109,,,,
Sweden,SWE,1963,11.87388551,12.394,,,,
Sweden,SWE,1964,11.97488602,12.499,,,,
Sweden,SWE,1965,12.62406682,13.177,,,,
Sweden,SWE,1966,13.45810834,14.048,,,,
Sweden,SWE,1967,14.58088282,15.22,,,,
Sweden,SWE,1968,15.6460699,16.331,,,,
Sweden,SWE,1969,15.81166011,16.504,,,,
Sweden,SWE,1970,16.05500312,16.758,,,16.76,
Sweden,SWE,1971,17.59211005,18.363,,,,
Sweden,SWE,1972,17.60745739,18.379,,,,
Sweden,SWE,1973,17.62963126,18.402,,,,
Sweden,SWE,1974,20.16717138,21.05,,,,
Sweden,SWE,1975,20.2679074,21.156,,,,
Sweden,SWE,1976,21.20627974,22.135,,,,
Sweden,SWE,1977,23.46314589,24.491,,,,
Sweden,SWE,1978,24.13642272,25.194,,,,
Sweden,SWE,1979,24.08259006,25.137,,,,
Sweden,SWE,1980,24.847,25.935,24.847,,25.94,29.78
Sweden,SWE,1985,26.967,,26.967,,,
Sweden,SWE,1990,27.237,,27.237,,,32.18
Sweden,SWE,1995,30.561,,30.561,,,33.01
Sweden,SWE,2000,26.773,,26.773,,,
Sweden,SWE,2005,27.351,,27.351,,,
Sweden,SWE,2010,26.268,,26.268,,,
Sweden,SWE,2013,27.386,,27.386,,,
Sweden,SWE,2014,27.136,,27.136,,,
Sweden,SWE,2015,26.677,,26.677,,,
Sweden,SWE,2016,27.057,,27.057,,,
Switzerland,CHE,1930,1.17,,,1.17,,
Switzerland,CHE,1960,4.32690778,4.91838373,,,4.92,
Switzerland,CHE,1961,4.501247912,5.116555661,,,,
Switzerland,CHE,1962,5.189382161,5.898755899,,,,
Switzerland,CHE,1963,5.004051698,5.68809129,,,,
Switzerland,CHE,1964,5.814888199,6.609766828,,,,
Switzerland,CHE,1965,6.011906288,6.833716727,,,,
Switzerland,CHE,1966,6.218968922,7.069084232,,,,
Switzerland,CHE,1967,6.51146493,7.401563611,,,,
Switzerland,CHE,1968,6.584010153,7.484025559,,,,
Switzerland,CHE,1969,7.720370677,8.775723325,,,,
Switzerland,CHE,1970,7.46759271,8.488391331,,,8.49,
Switzerland,CHE,1971,7.718187241,8.773241419,,,,
Switzerland,CHE,1972,7.760210678,8.821009339,,,,
Switzerland,CHE,1973,9.58543835,10.89574043,,,,
Switzerland,CHE,1974,10.14228203,11.52870305,,,,
Switzerland,CHE,1975,11.93933065,13.57140309,,,,
Switzerland,CHE,1976,12.65016164,14.37940265,,,,
Switzerland,CHE,1977,12.76919976,14.51471294,,,,
Switzerland,CHE,1978,12.7801094,14.52711389,,,,
Switzerland,CHE,1979,12.77455349,14.52079851,,,,
Switzerland,CHE,1980,12.769,,12.769,,14.33,
Switzerland,CHE,1985,13.391,,13.391,,,
Switzerland,CHE,1990,12.126,,12.126,,,
Switzerland,CHE,1995,16.067,,16.067,,,18.87
Switzerland,CHE,2000,16.287,,16.287,,,
Switzerland,CHE,2005,18.426,,18.426,,,
Switzerland,CHE,2010,18.431,,18.431,,,
Switzerland,CHE,2013,19.195,,19.195,,,
Switzerland,CHE,2014,19.275,,19.275,,,
Switzerland,CHE,2015,19.608,,19.608,,,
Switzerland,CHE,2016,19.727,,19.727,,,
Turkey,TUR,1980,3.968,,3.968,,,
Turkey,TUR,1985,3.156,,3.156,,,
Turkey,TUR,1990,5.526,,5.526,,,
Turkey,TUR,1995,5.595,,5.595,,,
Turkey,TUR,2000,7.72,,7.72,,,
Turkey,TUR,2005,10.269,,10.269,,,
Turkey,TUR,2010,12.838,,12.838,,,
Turkey,TUR,2013,13.359,,13.359,,,
Turkey,TUR,2014,13.507,,13.507,,,
United Kingdom,GBR,1880,0.86,,,0.86,,
United Kingdom,GBR,1890,0.83,,,0.83,,
United Kingdom,GBR,1900,1,,,1,,
United Kingdom,GBR,1910,1.38,,,1.38,,
United Kingdom,GBR,1920,1.39,,,1.39,,
United Kingdom,GBR,1930,2.24,,,2.24,,
United Kingdom,GBR,1960,9.695266922,10.21369351,,,10.21,
United Kingdom,GBR,1961,9.937712696,10.46910338,,,,
United Kingdom,GBR,1962,10.12661549,10.6681072,,,,
United Kingdom,GBR,1963,10.61938825,11.18722958,,,,
United Kingdom,GBR,1964,10.44189031,11.00024044,,,,
United Kingdom,GBR,1965,11.0674075,11.65920537,,,,
United Kingdom,GBR,1966,11.28180096,11.88506291,,,,
United Kingdom,GBR,1967,11.91708486,12.55431679,,,,
United Kingdom,GBR,1968,12.38000025,13.04198526,,,,
United Kingdom,GBR,1969,12.37416384,13.03583676,,,,
United Kingdom,GBR,1970,12.529809,13.19980459,,,13.2,
United Kingdom,GBR,1971,12.4057028,13.06906217,,,,
United Kingdom,GBR,1972,13.17844005,13.88311934,,,,
United Kingdom,GBR,1973,12.79034068,13.47426747,,,,
United Kingdom,GBR,1974,14.16077486,14.91798168,,,,
United Kingdom,GBR,1975,14.83580065,15.62910253,,,,
United Kingdom,GBR,1976,15.37234632,16.19433845,,,,
United Kingdom,GBR,1977,15.31771467,16.13678553,,,,
United Kingdom,GBR,1978,15.62650275,16.46208517,,,,
United Kingdom,GBR,1979,15.5457689,16.3770343,,,,
United Kingdom,GBR,1980,15.587,16.42047012,15.587,,16.42,16.94
United Kingdom,GBR,1985,18.181,,18.181,,,
United Kingdom,GBR,1990,15.244,,15.244,,,18.05
United Kingdom,GBR,1995,18.333,,18.333,,,22.52
United Kingdom,GBR,2000,17.706,,17.706,,,
United Kingdom,GBR,2005,19.408,,19.408,,,
United Kingdom,GBR,2010,22.785,,22.785,,,
United Kingdom,GBR,2013,21.874,,21.874,,,
United Kingdom,GBR,2014,21.58,,21.58,,,
United Kingdom,GBR,2015,21.502,,21.502,,,
United Kingdom,GBR,2016,21.493,,21.493,,,
United Kingdom,GBR,1981,,17.81786521,,,,
United States,USA,1880,0.29,,,0.29,,
United States,USA,1890,0.45,,,0.45,,
United States,USA,1900,0.55,,,0.55,,
United States,USA,1910,0.56,,,0.56,,
United States,USA,1920,0.7,,,0.7,,
United States,USA,1930,0.56,,,0.56,,
United States,USA,1960,6.20326758,7.263012072,,,7.26,
United States,USA,1961,6.773312467,7.930441429,,,,
United States,USA,1962,6.820596257,7.985803017,,,,
United States,USA,1963,6.793083473,7.953590045,,,,
United States,USA,1964,6.705333856,7.850849591,,,,
United States,USA,1965,6.710177303,7.856520476,,,,
United States,USA,1966,6.822748309,7.988322718,,,,
United States,USA,1967,7.499537809,8.780732564,,,,
United States,USA,1968,7.870623424,9.215213145,,,,
United States,USA,1969,7.964243733,9.32482722,,,,
United States,USA,1970,8.863118903,10.37726307,,,10.38,
United States,USA,1971,9.581854501,11.21878494,,,,
United States,USA,1972,9.727942847,11.38983051,,,,
United States,USA,1973,9.922069919,11.61712157,,,,
United States,USA,1974,10.89176915,12.75248082,,,,
United States,USA,1975,12.3828651,14.49831037,,,,
United States,USA,1976,12.23132896,14.32088634,,,,
United States,USA,1977,12.00061609,14.05075929,,,,
United States,USA,1978,11.6358021,13.62362175,,,,
United States,USA,1979,11.78846715,13.80236756,,,,
United States,USA,1980,12.836,15.02885725,12.836,,15.03,11.43
United States,USA,1985,12.837,,12.837,,,
United States,USA,1990,13.167,,13.167,,,11.68
United States,USA,1995,15.057,,15.057,,,13.67
United States,USA,2000,14.25,,14.25,,,
United States,USA,2005,15.649,,15.649,,,
United States,USA,2010,19.346,,19.346,,,
United States,USA,2013,18.816,,18.816,,,
United States,USA,2014,18.813,,18.813,,,
United States,USA,2015,18.954,,18.954,,,
United States,USA,2016,19.321,,19.321,,,
United States,USA,1981,,15.24728094,,,,